B00, 0
B01, 0
B02, 0
B03, 0
B04, 0
B05, 0
B06, 0
B07, 0
B08, 0
B09, 0
B10, 21
B10, Trade, 390.180, 90, B10, S08, 1
B10, Trade, 467.760, 90, B10, S09, 1
B10, Trade, 500.280, 90, B10, S05, 1
B10, Trade, 516.040, 90, B10, S09, 1
B10, Trade, 548.760, 90, B10, S03, 1
B10, Trade, 639.140, 90, B10, S03, 1
B10, Trade, 641.220, 90, B10, S05, 1
B10, Trade, 675.680, 90, B10, S08, 1
B10, Trade, 697.760, 90, B10, S08, 1
B10, Trade, 711.340, 90, B10, S00, 1
B10, Trade, 716.940, 90, B10, S08, 1
B10, Trade, 751.480, 90, B10, S08, 1
B10, Trade, 782.380, 90, B10, S03, 1
B10, Trade, 788.640, 90, B10, S05, 1
B10, Trade, 799.120, 90, B10, S05, 1
B10, Trade, 803.680, 90, B10, S08, 1
B10, Trade, 824.720, 90, B10, S08, 1
B10, Trade, 835.140, 90, B10, S08, 1
B10, Trade, 846.640, 90, B10, S08, 1
B10, Trade, 850.200, 90, B10, S08, 1
B10, Trade, 858.200, 90, B10, S00, 1
B11, 96
B11, Trade, 11.300, 95, B11, S08, 1
B11, Trade, 43.040, 95, B11, S08, 1
B11, Trade, 46.820, 95, B11, S06, 1
B11, Trade, 69.520, 95, B11, S08, 1
B11, Trade, 81.920, 95, B11, S00, 1
B11, Trade, 87.680, 95, B11, S08, 1
B11, Trade, 95.680, 95, B11, S08, 1
B11, Trade, 107.420, 95, B11, S09, 1
B11, Trade, 118.600, 95, B11, S08, 1
B11, Trade, 122.060, 95, B11, S07, 1
B11, Trade, 123.280, 95, B11, S00, 1
B11, Trade, 130.680, 95, B11, S09, 1
B11, Trade, 132.120, 95, B11, S06, 1
B11, Trade, 156.780, 95, B11, S08, 1
B11, Trade, 159.180, 95, B11, S06, 1
B11, Trade, 170.280, 95, B11, S08, 1
B11, Trade, 186.080, 95, B11, S10, 1
B11, Trade, 198.660, 95, B11, S08, 1
B11, Trade, 210.240, 95, S02, B11, 1
B11, Trade, 214.180, 95, B11, S10, 1
B11, Trade, 220.220, 95, B11, S03, 1
B11, Trade, 224.680, 95, B11, S03, 1
B11, Trade, 235.080, 95, B11, S03, 1
B11, Trade, 246.500, 95, B11, S03, 1
B11, Trade, 251.320, 94, S02, B11, 1
B11, Trade, 255.140, 92, S06, B11, 1
B11, Trade, 263.160, 95, B11, S08, 1
B11, Trade, 272.180, 95, S11, B11, 1
B11, Trade, 276.820, 95, B11, S08, 1
B11, Trade, 285.100, 95, B11, S00, 1
B11, Trade, 302.840, 95, B11, S08, 1
B11, Trade, 315.860, 95, B11, S07, 1
B11, Trade, 326.780, 95, B11, S08, 1
B11, Trade, 332.520, 95, B11, S06, 1
B11, Trade, 334.360, 93, S07, B11, 1
B11, Trade, 352.440, 95, B11, S05, 1
B11, Trade, 356.500, 95, B11, S02, 1
B11, Trade, 368.100, 95, B11, S08, 1
B11, Trade, 384.580, 95, B11, S08, 1
B11, Trade, 389.100, 95, B11, S00, 1
B11, Trade, 390.620, 95, S02, B11, 1
B11, Trade, 396.680, 95, B11, S03, 1
B11, Trade, 414.420, 95, B11, S06, 1
B11, Trade, 418.900, 95, B11, S00, 1
B11, Trade, 420.620, 94, S07, B11, 1
B11, Trade, 429.120, 95, B11, S09, 1
B11, Trade, 438.140, 95, B11, S08, 1
B11, Trade, 449.700, 95, B11, S08, 1
B11, Trade, 452.640, 94, S00, B11, 1
B11, Trade, 459.380, 95, B11, S00, 1
B11, Trade, 462.360, 95, S11, B11, 1
B11, Trade, 470.520, 95, B11, S02, 1
B11, Trade, 484.380, 95, B11, S00, 1
B11, Trade, 491.220, 95, B11, S09, 1
B11, Trade, 500.780, 91, S07, B11, 1
B11, Trade, 507.600, 95, B11, S08, 1
B11, Trade, 515.940, 92, S03, B11, 1
B11, Trade, 539.400, 95, B11, S08, 1
B11, Trade, 544.200, 95, B11, S08, 1
B11, Trade, 546.760, 92, S05, B11, 1
B11, Trade, 552.800, 94, S05, B11, 1
B11, Trade, 562.120, 95, B11, S08, 1
B11, Trade, 564.560, 95, B11, S06, 1
B11, Trade, 569.760, 95, B11, S00, 1
B11, Trade, 589.920, 95, B11, S09, 1
B11, Trade, 598.080, 95, B11, S08, 1
B11, Trade, 608.820, 95, B11, S08, 1
B11, Trade, 636.520, 95, B11, S08, 1
B11, Trade, 643.000, 91, S07, B11, 1
B11, Trade, 656.300, 95, B11, S08, 1
B11, Trade, 663.240, 95, B11, S00, 1
B11, Trade, 691.100, 95, B11, S08, 1
B11, Trade, 699.980, 92, S06, B11, 1
B11, Trade, 702.020, 95, B11, S08, 1
B11, Trade, 705.800, 93, S05, B11, 1
B11, Trade, 716.540, 95, B11, S02, 1
B11, Trade, 718.000, 95, B11, S03, 1
B11, Trade, 722.600, 94, S09, B11, 1
B11, Trade, 740.040, 95, B11, S00, 1
B11, Trade, 751.000, 95, B11, S08, 1
B11, Trade, 763.180, 95, S09, B11, 1
B11, Trade, 772.460, 95, B11, S00, 1
B11, Trade, 776.900, 95, B11, S08, 1
B11, Trade, 785.580, 95, S07, B11, 1
B11, Trade, 789.540, 90, S09, B11, 1
B11, Trade, 798.060, 92, S06, B11, 1
B11, Trade, 803.200, 95, B11, S05, 1
B11, Trade, 811.740, 95, B11, S03, 1
B11, Trade, 816.560, 95, B11, S09, 1
B11, Trade, 820.960, 95, B11, S02, 1
B11, Trade, 823.440, 92, S02, B11, 1
B11, Trade, 829.120, 95, B11, S03, 1
B11, Trade, 836.720, 95, S02, B11, 1
B11, Trade, 845.600, 95, B11, S03, 1
B11, Trade, 849.540, 95, B11, S05, 1
B11, Trade, 857.580, 95, B11, S08, 1
B12, 100
B12, Trade, 261.000, 100, B12, S09, 1
B12, Trade, 266.340, 95, S11, B12, 1
B12, Trade, 268.880, 91, B12, S08, 1
B12, Trade, 276.280, 99, B12, S03, 1
B12, Trade, 280.760, 96, S05, B12, 1
B12, Trade, 285.500, 91, B12, S08, 1
B12, Trade, 290.600, 98, B12, S00, 1
B12, Trade, 295.640, 97, B12, S08, 1
B12, Trade, 302.500, 98, B12, S06, 1
B12, Trade, 314.000, 99, B12, S08, 1
B12, Trade, 320.540, 96, B12, S11, 1
B12, Trade, 328.880, 100, B12, S03, 1
B12, Trade, 331.660, 100, B12, S12, 1
B12, Trade, 337.560, 99, B12, S09, 1
B12, Trade, 347.500, 100, B12, S00, 1
B12, Trade, 353.200, 93, B12, S09, 1
B12, Trade, 360.420, 94, B12, S03, 1
B12, Trade, 363.620, 96, B12, S09, 1
B12, Trade, 370.420, 100, B12, S07, 1
B12, Trade, 377.840, 99, S11, B12, 1
B12, Trade, 381.520, 96, B12, S08, 1
B12, Trade, 386.440, 100, B12, S12, 1
B12, Trade, 392.360, 95, B12, S07, 1
B12, Trade, 397.640, 96, S06, B12, 1
B12, Trade, 401.120, 93, B12, S08, 1
B12, Trade, 411.520, 98, B12, S00, 1
B12, Trade, 424.620, 95, B12, S08, 1
B12, Trade, 431.440, 97, B12, S08, 1
B12, Trade, 446.480, 100, B12, S03, 1
B12, Trade, 449.660, 98, B12, S05, 1
B12, Trade, 453.840, 94, S06, B12, 1
B12, Trade, 458.440, 100, B12, S08, 1
B12, Trade, 463.720, 94, S00, B12, 1
B12, Trade, 468.320, 96, B12, S03, 1
B12, Trade, 469.700, 96, B12, S07, 1
B12, Trade, 479.240, 98, B12, S09, 1
B12, Trade, 483.960, 96, B12, S08, 1
B12, Trade, 486.240, 91, B12, S06, 1
B12, Trade, 496.300, 91, B12, S08, 1
B12, Trade, 504.940, 100, B12, S05, 1
B12, Trade, 511.500, 96, S07, B12, 1
B12, Trade, 516.580, 91, S07, B12, 1
B12, Trade, 523.400, 100, B12, S08, 1
B12, Trade, 532.080, 99, S07, B12, 1
B12, Trade, 539.280, 100, B12, S12, 1
B12, Trade, 543.840, 100, B12, S11, 1
B12, Trade, 547.340, 92, S09, B12, 1
B12, Trade, 559.700, 100, B12, S05, 1
B12, Trade, 562.960, 97, S02, B12, 1
B12, Trade, 569.400, 96, B12, S07, 1
B12, Trade, 570.560, 100, S12, B12, 1
B12, Trade, 579.420, 98, B12, S08, 1
B12, Trade, 580.880, 97, B12, S06, 1
B12, Trade, 589.460, 96, B12, S07, 1
B12, Trade, 596.680, 100, S11, B12, 1
B12, Trade, 601.760, 98, B12, S08, 1
B12, Trade, 604.620, 99, S06, B12, 1
B12, Trade, 612.140, 96, S07, B12, 1
B12, Trade, 614.700, 97, B12, S00, 1
B12, Trade, 624.280, 100, S02, B12, 1
B12, Trade, 626.980, 100, B12, S06, 1
B12, Trade, 631.820, 98, B12, S03, 1
B12, Trade, 640.740, 91, B12, S08, 1
B12, Trade, 649.240, 99, B12, S08, 1
B12, Trade, 653.780, 96, B12, S00, 1
B12, Trade, 659.520, 99, B12, S11, 1
B12, Trade, 664.720, 94, B12, S03, 1
B12, Trade, 669.520, 95, S11, B12, 1
B12, Trade, 673.240, 100, B12, S12, 1
B12, Trade, 681.120, 99, B12, S08, 1
B12, Trade, 692.220, 93, B12, S00, 1
B12, Trade, 701.080, 91, B12, S09, 1
B12, Trade, 708.800, 95, S11, B12, 1
B12, Trade, 715.340, 93, S06, B12, 1
B12, Trade, 726.280, 95, B12, S08, 1
B12, Trade, 727.300, 95, S06, B12, 1
B12, Trade, 737.540, 97, B12, S08, 1
B12, Trade, 741.220, 92, B12, S08, 1
B12, Trade, 742.720, 96, S07, B12, 1
B12, Trade, 750.460, 100, B12, S12, 1
B12, Trade, 753.040, 89, B12, S02, 1
B12, Trade, 760.460, 98, B12, S08, 1
B12, Trade, 766.440, 95, B12, S09, 1
B12, Trade, 768.420, 92, B12, S08, 1
B12, Trade, 773.060, 92, B12, S08, 1
B12, Trade, 780.220, 98, S06, B12, 1
B12, Trade, 789.880, 90, B12, S08, 1
B12, Trade, 796.020, 97, B12, S08, 1
B12, Trade, 800.180, 90, B12, S08, 1
B12, Trade, 802.560, 96, B12, S03, 1
B12, Trade, 810.580, 98, B12, S00, 1
B12, Trade, 815.160, 98, B12, S02, 1
B12, Trade, 820.560, 93, B12, S07, 1
B12, Trade, 823.200, 92, B12, S07, 1
B12, Trade, 829.540, 92, B12, S00, 1
B12, Trade, 833.880, 94, S03, B12, 1
B12, Trade, 841.160, 100, B12, S08, 1
B12, Trade, 844.220, 100, S12, B12, 1
B12, Trade, 853.260, 100, S12, B12, 1
B12, Trade, 853.960, 99, S02, B12, 1
B13, 6
B13, Trade, 7.380, 100, B13, S00, 1
B13, Trade, 15.940, 95, B13, S06, 1
B13, Trade, 118.640, 92, B13, S03, 1
B13, Trade, 220.760, 90, B13, S08, 1
B13, Trade, 354.840, 89, B13, S03, 1
B13, Trade, 811.960, 88, B13, S08, 1
B14, 9
B14, Trade, 6.580, 103, B14, S03, 1
B14, Trade, 12.640, 97, B14, S09, 1
B14, Trade, 27.660, 95, B14, S00, 1
B14, Trade, 107.540, 93, B14, S03, 1
B14, Trade, 136.380, 92, B14, S08, 1
B14, Trade, 216.680, 91, B14, S06, 1
B14, Trade, 249.280, 90, B14, S08, 1
B14, Trade, 354.940, 89, B14, S00, 1
B14, Trade, 470.660, 89, B14, S08, 1
B15, 83
B15, Trade, 14.560, 99, S01, B15, 1
B15, Trade, 22.880, 100, S05, B15, 1
B15, Trade, 52.160, 103, S12, B15, 1
B15, Trade, 60.200, 102, S06, B15, 1
B15, Trade, 71.680, 100, S11, B15, 1
B15, Trade, 77.300, 106, B15, S05, 1
B15, Trade, 81.480, 98, B15, S09, 1
B15, Trade, 88.580, 98, B15, S00, 1
B15, Trade, 97.860, 98, S07, B15, 1
B15, Trade, 109.280, 94, S06, B15, 1
B15, Trade, 124.220, 97, S11, B15, 1
B15, Trade, 128.840, 97, S06, B15, 1
B15, Trade, 136.960, 99, S07, B15, 1
B15, Trade, 144.980, 103, S02, B15, 1
B15, Trade, 157.400, 101, S06, B15, 1
B15, Trade, 178.600, 103, S06, B15, 1
B15, Trade, 193.160, 97, S11, B15, 1
B15, Trade, 200.060, 97, S11, B15, 1
B15, Trade, 208.060, 100, S07, B15, 1
B15, Trade, 228.760, 100, S12, B15, 1
B15, Trade, 241.800, 103, S09, B15, 1
B15, Trade, 245.380, 103, B15, S00, 1
B15, Trade, 270.680, 92, S02, B15, 1
B15, Trade, 274.980, 102, S05, B15, 1
B15, Trade, 280.500, 96, S02, B15, 1
B15, Trade, 287.220, 98, B15, S07, 1
B15, Trade, 297.860, 102, S07, B15, 1
B15, Trade, 311.060, 99, S07, B15, 1
B15, Trade, 318.620, 93, S09, B15, 1
B15, Trade, 323.360, 101, B15, S08, 1
B15, Trade, 328.660, 100, S07, B15, 1
B15, Trade, 343.180, 101, S05, B15, 1
B15, Trade, 359.800, 105, S02, B15, 1
B15, Trade, 367.300, 107, S12, B15, 1
B15, Trade, 374.100, 104, S02, B15, 1
B15, Trade, 381.500, 97, S11, B15, 1
B15, Trade, 393.000, 93, B15, S08, 1
B15, Trade, 401.500, 108, S14, B15, 1
B15, Trade, 409.040, 101, S05, B15, 1
B15, Trade, 416.300, 109, S06, B15, 1
B15, Trade, 423.840, 95, S11, B15, 1
B15, Trade, 434.900, 96, S09, B15, 1
B15, Trade, 459.860, 94, B15, S08, 1
B15, Trade, 461.560, 96, S03, B15, 1
B15, Trade, 468.060, 98, S06, B15, 1
B15, Trade, 474.200, 105, S12, B15, 1
B15, Trade, 485.640, 92, S09, B15, 1
B15, Trade, 488.380, 98, B15, S08, 1
B15, Trade, 502.960, 104, S13, B15, 1
B15, Trade, 509.360, 98, S11, B15, 1
B15, Trade, 528.640, 105, S00, B15, 1
B15, Trade, 541.440, 104, S13, B15, 1
B15, Trade, 549.520, 103, B15, S08, 1
B15, Trade, 563.460, 100, S07, B15, 1
B15, Trade, 571.120, 108, S14, B15, 1
B15, Trade, 591.140, 95, S05, B15, 1
B15, Trade, 595.120, 102, S02, B15, 1
B15, Trade, 599.460, 100, S12, B15, 1
B15, Trade, 615.780, 97, S11, B15, 1
B15, Trade, 638.000, 95, S05, B15, 1
B15, Trade, 650.240, 101, S11, B15, 1
B15, Trade, 653.700, 97, S02, B15, 1
B15, Trade, 689.020, 97, S06, B15, 1
B15, Trade, 690.640, 97, S07, B15, 1
B15, Trade, 707.100, 100, S12, B15, 1
B15, Trade, 713.400, 95, S11, B15, 1
B15, Trade, 715.480, 93, S02, B15, 1
B15, Trade, 727.560, 107, S12, B15, 1
B15, Trade, 731.880, 98, S06, B15, 1
B15, Trade, 742.860, 100, S12, B15, 1
B15, Trade, 756.860, 95, S11, B15, 1
B15, Trade, 763.220, 96, S06, B15, 1
B15, Trade, 785.380, 95, S09, B15, 1
B15, Trade, 793.000, 102, S12, B15, 1
B15, Trade, 797.260, 90, B15, S00, 1
B15, Trade, 804.800, 96, S07, B15, 1
B15, Trade, 820.280, 93, B15, S05, 1
B15, Trade, 826.440, 100, B15, S07, 1
B15, Trade, 830.400, 99, S11, B15, 1
B15, Trade, 832.520, 104, S13, B15, 1
B15, Trade, 839.280, 100, S11, B15, 1
B15, Trade, 849.360, 96, S07, B15, 1
B15, Trade, 857.200, 97, S05, B15, 1
B16, 100
B16, Trade, 342.640, 101, S07, B16, 1
B16, Trade, 352.800, 95, S02, B16, 1
B16, Trade, 356.560, 96, S11, B16, 1
B16, Trade, 357.960, 109, S01, B16, 1
B16, Trade, 368.660, 101, S02, B16, 1
B16, Trade, 369.760, 104, S13, B16, 1
B16, Trade, 378.120, 99, S06, B16, 1
B16, Trade, 379.980, 98, S09, B16, 1
B16, Trade, 389.760, 98, S11, B16, 1
B16, Trade, 393.220, 108, S14, B16, 1
B16, Trade, 398.760, 95, S07, B16, 1
B16, Trade, 399.980, 95, S02, B16, 1
B16, Trade, 407.280, 100, S12, B16, 1
B16, Trade, 411.100, 99, S02, B16, 1
B16, Trade, 415.180, 100, S12, B16, 1
B16, Trade, 421.020, 94, S06, B16, 1
B16, Trade, 425.580, 94, S02, B16, 1
B16, Trade, 433.140, 100, S12, B16, 1
B16, Trade, 433.820, 103, S05, B16, 1
B16, Trade, 440.480, 98, S11, B16, 1
B16, Trade, 447.500, 104, S07, B16, 1
B16, Trade, 453.000, 96, S11, B16, 1
B16, Trade, 454.980, 95, S11, B16, 1
B16, Trade, 462.880, 102, S02, B16, 1
B16, Trade, 467.480, 92, S02, B16, 1
B16, Trade, 472.240, 96, S11, B16, 1
B16, Trade, 477.040, 102, S11, B16, 1
B16, Trade, 479.080, 98, S05, B16, 1
B16, Trade, 483.400, 99, S05, B16, 1
B16, Trade, 490.420, 100, S07, B16, 1
B16, Trade, 497.200, 100, S12, B16, 1
B16, Trade, 503.100, 108, S14, B16, 1
B16, Trade, 506.660, 98, S09, B16, 1
B16, Trade, 511.840, 99, S09, B16, 1
B16, Trade, 516.880, 98, S02, B16, 1
B16, Trade, 522.780, 100, S07, B16, 1
B16, Trade, 527.660, 103, S09, B16, 1
B16, Trade, 535.240, 103, S09, B16, 1
B16, Trade, 537.400, 104, S05, B16, 1
B16, Trade, 540.160, 99, S06, B16, 1
B16, Trade, 545.340, 94, S09, B16, 1
B16, Trade, 553.540, 98, S09, B16, 1
B16, Trade, 554.980, 104, S13, B16, 1
B16, Trade, 565.320, 96, S02, B16, 1
B16, Trade, 565.980, 97, S05, B16, 1
B16, Trade, 573.760, 100, S11, B16, 1
B16, Trade, 580.340, 100, S12, B16, 1
B16, Trade, 581.700, 97, S11, B16, 1
B16, Trade, 590.240, 96, S11, B16, 1
B16, Trade, 594.340, 108, S06, B16, 1
B16, Trade, 595.720, 100, S09, B16, 1
B16, Trade, 601.520, 103, S06, B16, 1
B16, Trade, 606.060, 100, S11, B16, 1
B16, Trade, 610.520, 98, S02, B16, 1
B16, Trade, 618.840, 103, S05, B16, 1
B16, Trade, 622.100, 98, S11, B16, 1
B16, Trade, 628.760, 107, S09, B16, 1
B16, Trade, 629.580, 105, S02, B16, 1
B16, Trade, 637.620, 96, S07, B16, 1
B16, Trade, 642.680, 91, S02, B16, 1
B16, Trade, 648.960, 106, S05, B16, 1
B16, Trade, 653.260, 97, S05, B16, 1
B16, Trade, 657.120, 96, S05, B16, 1
B16, Trade, 663.400, 99, S05, B16, 1
B16, Trade, 666.720, 93, S07, B16, 1
B16, Trade, 675.700, 97, S05, B16, 1
B16, Trade, 677.040, 108, S14, B16, 1
B16, Trade, 682.640, 100, S02, B16, 1
B16, Trade, 686.260, 99, S11, B16, 1
B16, Trade, 696.240, 95, S07, B16, 1
B16, Trade, 702.420, 95, S11, B16, 1
B16, Trade, 708.660, 95, S07, B16, 1
B16, Trade, 712.260, 92, S02, B16, 1
B16, Trade, 717.280, 99, S11, B16, 1
B16, Trade, 725.620, 100, S12, B16, 1
B16, Trade, 729.220, 105, S09, B16, 1
B16, Trade, 732.400, 104, S13, B16, 1
B16, Trade, 740.320, 97, S02, B16, 1
B16, Trade, 749.460, 103, S06, B16, 1
B16, Trade, 758.940, 102, S12, B16, 1
B16, Trade, 759.520, 99, S07, B16, 1
B16, Trade, 763.760, 99, S11, B16, 1
B16, Trade, 766.960, 96, S07, B16, 1
B16, Trade, 775.680, 100, S12, B16, 1
B16, Trade, 781.340, 99, S02, B16, 1
B16, Trade, 783.040, 99, S05, B16, 1
B16, Trade, 790.200, 95, S11, B16, 1
B16, Trade, 793.880, 108, S14, B16, 1
B16, Trade, 798.140, 93, S07, B16, 1
B16, Trade, 801.460, 104, S13, B16, 1
B16, Trade, 811.200, 98, S06, B16, 1
B16, Trade, 813.540, 99, S07, B16, 1
B16, Trade, 818.280, 108, S14, B16, 1
B16, Trade, 823.520, 94, S09, B16, 1
B16, Trade, 830.060, 96, S05, B16, 1
B16, Trade, 833.040, 106, S09, B16, 1
B16, Trade, 838.500, 102, S12, B16, 1
B16, Trade, 847.920, 97, S06, B16, 1
B16, Trade, 852.520, 98, S09, B16, 1
B16, Trade, 859.840, 103, S12, B16, 1
B17, 91
B17, Trade, 16.800, 103, S04, B17, 1
B17, Trade, 30.620, 98, S11, B17, 1
B17, Trade, 34.120, 103, S05, B17, 1
B17, Trade, 38.260, 105, S06, B17, 1
B17, Trade, 49.940, 96, S11, B17, 1
B17, Trade, 60.960, 101, S02, B17, 1
B17, Trade, 69.480, 105, S09, B17, 1
B17, Trade, 75.840, 98, S02, B17, 1
B17, Trade, 100.100, 99, S06, B17, 1
B17, Trade, 105.000, 100, S02, B17, 1
B17, Trade, 122.680, 100, S12, B17, 1
B17, Trade, 140.120, 99, S11, B17, 1
B17, Trade, 154.100, 103, S02, B17, 1
B17, Trade, 161.900, 108, S04, B17, 1
B17, Trade, 167.880, 101, S06, B17, 1
B17, Trade, 177.020, 95, S07, B17, 1
B17, Trade, 183.180, 96, S09, B17, 1
B17, Trade, 201.060, 99, S09, B17, 1
B17, Trade, 209.840, 95, S06, B17, 1
B17, Trade, 223.780, 93, S07, B17, 1
B17, Trade, 232.840, 98, S06, B17, 1
B17, Trade, 236.000, 104, S13, B17, 1
B17, Trade, 241.720, 96, S11, B17, 1
B17, Trade, 248.700, 91, B17, S09, 1
B17, Trade, 262.420, 98, B17, S06, 1
B17, Trade, 265.520, 95, S05, B17, 1
B17, Trade, 284.580, 97, S05, B17, 1
B17, Trade, 299.540, 96, B17, S08, 1
B17, Trade, 305.520, 94, S05, B17, 1
B17, Trade, 315.680, 96, S06, B17, 1
B17, Trade, 340.220, 97, S11, B17, 1
B17, Trade, 348.520, 101, S09, B17, 1
B17, Trade, 359.300, 107, S06, B17, 1
B17, Trade, 367.180, 99, B17, S11, 1
B17, Trade, 372.140, 107, S06, B17, 1
B17, Trade, 377.800, 99, S09, B17, 1
B17, Trade, 388.740, 99, S09, B17, 1
B17, Trade, 394.900, 101, S11, B17, 1
B17, Trade, 401.220, 107, S06, B17, 1
B17, Trade, 406.420, 99, S11, B17, 1
B17, Trade, 414.780, 96, S07, B17, 1
B17, Trade, 421.100, 94, S02, B17, 1
B17, Trade, 428.160, 94, S09, B17, 1
B17, Trade, 429.580, 96, S05, B17, 1
B17, Trade, 439.400, 97, S06, B17, 1
B17, Trade, 440.800, 104, S13, B17, 1
B17, Trade, 447.000, 99, B17, S00, 1
B17, Trade, 452.180, 95, S05, B17, 1
B17, Trade, 465.840, 96, S11, B17, 1
B17, Trade, 473.540, 103, B17, S08, 1
B17, Trade, 475.580, 108, S14, B17, 1
B17, Trade, 488.600, 98, B17, S11, 1
B17, Trade, 493.200, 96, S02, B17, 1
B17, Trade, 494.300, 96, S00, B17, 1
B17, Trade, 502.460, 99, S06, B17, 1
B17, Trade, 520.120, 100, S02, B17, 1
B17, Trade, 526.940, 100, S02, B17, 1
B17, Trade, 538.380, 103, S11, B17, 1
B17, Trade, 540.800, 99, S00, B17, 1
B17, Trade, 552.380, 94, S06, B17, 1
B17, Trade, 557.180, 111, S04, B17, 1
B17, Trade, 563.080, 104, S13, B17, 1
B17, Trade, 582.740, 104, S13, B17, 1
B17, Trade, 588.880, 97, S06, B17, 1
B17, Trade, 598.620, 100, S06, B17, 1
B17, Trade, 605.260, 100, S09, B17, 1
B17, Trade, 608.780, 100, S02, B17, 1
B17, Trade, 620.780, 102, S07, B17, 1
B17, Trade, 627.120, 101, S09, B17, 1
B17, Trade, 647.900, 105, S12, B17, 1
B17, Trade, 655.780, 96, S09, B17, 1
B17, Trade, 664.900, 98, S07, B17, 1
B17, Trade, 678.460, 102, S11, B17, 1
B17, Trade, 687.000, 99, S09, B17, 1
B17, Trade, 700.420, 91, S02, B17, 1
B17, Trade, 711.960, 90, S06, B17, 1
B17, Trade, 719.420, 96, S06, B17, 1
B17, Trade, 738.280, 96, S06, B17, 1
B17, Trade, 741.600, 97, S11, B17, 1
B17, Trade, 753.180, 95, S09, B17, 1
B17, Trade, 756.640, 93, S02, B17, 1
B17, Trade, 761.920, 99, S02, B17, 1
B17, Trade, 768.160, 104, S13, B17, 1
B17, Trade, 775.660, 99, S02, B17, 1
B17, Trade, 793.480, 104, S13, B17, 1
B17, Trade, 805.140, 100, S12, B17, 1
B17, Trade, 808.500, 109, S14, B17, 1
B17, Trade, 820.380, 95, S09, B17, 1
B17, Trade, 827.260, 104, S13, B17, 1
B17, Trade, 837.640, 97, S11, B17, 1
B17, Trade, 847.160, 108, S14, B17, 1
B18, 100
B18, Trade, 230.460, 98, B18, S08, 1
B18, Trade, 240.160, 96, S11, B18, 1
B18, Trade, 260.260, 102, B18, S03, 1
B18, Trade, 268.360, 92, B18, S00, 1
B18, Trade, 272.040, 92, B18, S02, 1
B18, Trade, 278.280, 92, B18, S08, 1
B18, Trade, 281.700, 97, B18, S11, 1
B18, Trade, 284.720, 96, B18, S02, 1
B18, Trade, 292.360, 100, B18, S09, 1
B18, Trade, 294.820, 99, S06, B18, 1
B18, Trade, 302.420, 99, S09, B18, 1
B18, Trade, 306.740, 98, S06, B18, 1
B18, Trade, 310.780, 98, S11, B18, 1
B18, Trade, 320.840, 94, B18, S00, 1
B18, Trade, 322.580, 97, S02, B18, 1
B18, Trade, 329.940, 101, B18, S08, 1
B18, Trade, 334.180, 91, B18, S08, 1
B18, Trade, 340.140, 96, S05, B18, 1
B18, Trade, 346.540, 101, B18, S08, 1
B18, Trade, 350.680, 97, B18, S00, 1
B18, Trade, 362.860, 99, B18, S07, 1
B18, Trade, 366.880, 100, B18, S03, 1
B18, Trade, 371.340, 102, B18, S11, 1
B18, Trade, 376.660, 100, B18, S00, 1
B18, Trade, 382.540, 97, S07, B18, 1
B18, Trade, 384.500, 98, S07, B18, 1
B18, Trade, 392.320, 98, S06, B18, 1
B18, Trade, 402.360, 98, B18, S00, 1
B18, Trade, 412.100, 98, B18, S05, 1
B18, Trade, 418.380, 97, B18, S08, 1
B18, Trade, 424.940, 95, B18, S05, 1
B18, Trade, 432.460, 96, S11, B18, 1
B18, Trade, 436.340, 97, B18, S02, 1
B18, Trade, 443.860, 105, B18, S08, 1
B18, Trade, 452.300, 96, S02, B18, 1
B18, Trade, 462.340, 95, S07, B18, 1
B18, Trade, 467.620, 91, B18, S05, 1
B18, Trade, 477.820, 97, B18, S03, 1
B18, Trade, 479.560, 98, S02, B18, 1
B18, Trade, 480.440, 98, S11, B18, 1
B18, Trade, 487.480, 92, S07, B18, 1
B18, Trade, 494.760, 95, B18, S08, 1
B18, Trade, 499.460, 93, S09, B18, 1
B18, Trade, 506.480, 97, B18, S07, 1
B18, Trade, 511.240, 96, B18, S06, 1
B18, Trade, 523.100, 101, S12, B18, 1
B18, Trade, 525.940, 99, S05, B18, 1
B18, Trade, 538.740, 102, B18, S06, 1
B18, Trade, 541.880, 99, B18, S08, 1
B18, Trade, 545.260, 92, B18, S03, 1
B18, Trade, 553.240, 95, B18, S07, 1
B18, Trade, 559.780, 101, S09, B18, 1
B18, Trade, 562.600, 93, B18, S03, 1
B18, Trade, 577.740, 98, B18, S08, 1
B18, Trade, 585.940, 98, B18, S07, 1
B18, Trade, 587.700, 96, B18, S08, 1
B18, Trade, 595.360, 100, B18, S12, 1
B18, Trade, 604.820, 99, B18, S02, 1
B18, Trade, 609.280, 93, B18, S00, 1
B18, Trade, 613.120, 98, B18, S06, 1
B18, Trade, 618.680, 100, B18, S07, 1
B18, Trade, 623.080, 99, B18, S08, 1
B18, Trade, 630.040, 98, B18, S08, 1
B18, Trade, 633.440, 101, S12, B18, 1
B18, Trade, 639.120, 94, S09, B18, 1
B18, Trade, 645.600, 95, S07, B18, 1
B18, Trade, 650.800, 97, B18, S03, 1
B18, Trade, 661.160, 98, B18, S06, 1
B18, Trade, 670.400, 96, B18, S02, 1
B18, Trade, 672.640, 100, B18, S11, 1
B18, Trade, 679.640, 100, B18, S08, 1
B18, Trade, 684.960, 99, S02, B18, 1
B18, Trade, 687.500, 91, B18, S08, 1
B18, Trade, 695.420, 94, B18, S06, 1
B18, Trade, 699.460, 91, B18, S05, 1
B18, Trade, 707.420, 91, B18, S08, 1
B18, Trade, 714.940, 93, B18, S08, 1
B18, Trade, 722.740, 93, B18, S07, 1
B18, Trade, 725.420, 95, S11, B18, 1
B18, Trade, 732.340, 99, S09, B18, 1
B18, Trade, 735.520, 96, B18, S03, 1
B18, Trade, 739.200, 96, B18, S05, 1
B18, Trade, 744.480, 98, B18, S00, 1
B18, Trade, 748.320, 101, B18, S07, 1
B18, Trade, 760.480, 96, B18, S00, 1
B18, Trade, 765.120, 94, B18, S09, 1
B18, Trade, 770.060, 103, S06, B18, 1
B18, Trade, 784.400, 91, B18, S08, 1
B18, Trade, 791.160, 96, B18, S07, 1
B18, Trade, 793.700, 100, S11, B18, 1
B18, Trade, 798.840, 91, S09, B18, 1
B18, Trade, 805.880, 95, B18, S00, 1
B18, Trade, 810.180, 98, B18, S05, 1
B18, Trade, 816.000, 96, B18, S05, 1
B18, Trade, 822.900, 92, S05, B18, 1
B18, Trade, 834.640, 94, B18, S07, 1
B18, Trade, 839.760, 102, S09, B18, 1
B18, Trade, 843.740, 100, S06, B18, 1
B18, Trade, 853.480, 99, B18, S08, 1
B18, Trade, 861.940, 95, S09, B18, 1
B19, 100
B19, Trade, 344.820, 108, S14, B19, 1
B19, Trade, 348.280, 100, S11, B19, 1
B19, Trade, 355.660, 95, S07, B19, 1
B19, Trade, 362.160, 99, S11, B19, 1
B19, Trade, 365.760, 97, S09, B19, 1
B19, Trade, 371.460, 103, S09, B19, 1
B19, Trade, 376.440, 103, S07, B19, 1
B19, Trade, 382.400, 97, S02, B19, 1
B19, Trade, 386.960, 99, S06, B19, 1
B19, Trade, 392.640, 104, S13, B19, 1
B19, Trade, 397.580, 95, S05, B19, 1
B19, Trade, 400.420, 104, S13, B19, 1
B19, Trade, 407.040, 99, S02, B19, 1
B19, Trade, 410.060, 101, S09, B19, 1
B19, Trade, 415.700, 108, S14, B19, 1
B19, Trade, 419.060, 97, S05, B19, 1
B19, Trade, 425.900, 95, S07, B19, 1
B19, Trade, 433.080, 97, S07, B19, 1
B19, Trade, 437.780, 98, S02, B19, 1
B19, Trade, 442.800, 108, S09, B19, 1
B19, Trade, 444.400, 105, S09, B19, 1
B19, Trade, 451.980, 95, S09, B19, 1
B19, Trade, 455.620, 103, S12, B19, 1
B19, Trade, 462.600, 100, S05, B19, 1
B19, Trade, 470.540, 96, S09, B19, 1
B19, Trade, 475.140, 105, S05, B19, 1
B19, Trade, 482.040, 101, S02, B19, 1
B19, Trade, 487.620, 92, S02, B19, 1
B19, Trade, 492.140, 96, S05, B19, 1
B19, Trade, 496.220, 96, S02, B19, 1
B19, Trade, 503.140, 110, S01, B19, 1
B19, Trade, 504.200, 102, S11, B19, 1
B19, Trade, 512.640, 100, S12, B19, 1
B19, Trade, 517.920, 96, S11, B19, 1
B19, Trade, 520.160, 108, S14, B19, 1
B19, Trade, 528.300, 104, S13, B19, 1
B19, Trade, 534.880, 101, S06, B19, 1
B19, Trade, 540.420, 108, S03, B19, 1
B19, Trade, 546.080, 93, S02, B19, 1
B19, Trade, 547.920, 95, S11, B19, 1
B19, Trade, 553.780, 95, S11, B19, 1
B19, Trade, 557.140, 104, S13, B19, 1
B19, Trade, 562.000, 97, S05, B19, 1
B19, Trade, 569.320, 97, S09, B19, 1
B19, Trade, 573.600, 99, S05, B19, 1
B19, Trade, 577.300, 100, S02, B19, 1
B19, Trade, 584.080, 104, S06, B19, 1
B19, Trade, 585.920, 99, S05, B19, 1
B19, Trade, 592.540, 104, S13, B19, 1
B19, Trade, 595.980, 100, S11, B19, 1
B19, Trade, 601.120, 101, S11, B19, 1
B19, Trade, 608.660, 100, S12, B19, 1
B19, Trade, 612.180, 97, S11, B19, 1
B19, Trade, 617.820, 100, S12, B19, 1
B19, Trade, 622.580, 101, S05, B19, 1
B19, Trade, 628.600, 106, S12, B19, 1
B19, Trade, 632.620, 102, S05, B19, 1
B19, Trade, 636.500, 99, S09, B19, 1
B19, Trade, 644.500, 95, S11, B19, 1
B19, Trade, 646.460, 97, S09, B19, 1
B19, Trade, 652.480, 99, S06, B19, 1
B19, Trade, 657.680, 98, S07, B19, 1
B19, Trade, 660.480, 101, S12, B19, 1
B19, Trade, 666.300, 94, S00, B19, 1
B19, Trade, 674.100, 99, S09, B19, 1
B19, Trade, 676.940, 104, S13, B19, 1
B19, Trade, 684.200, 99, S05, B19, 1
B19, Trade, 685.860, 99, S09, B19, 1
B19, Trade, 693.600, 95, S07, B19, 1
B19, Trade, 696.380, 95, S11, B19, 1
B19, Trade, 703.240, 95, S09, B19, 1
B19, Trade, 710.120, 93, S05, B19, 1
B19, Trade, 713.480, 100, S12, B19, 1
B19, Trade, 716.840, 108, S14, B19, 1
B19, Trade, 724.480, 95, S02, B19, 1
B19, Trade, 727.380, 104, S13, B19, 1
B19, Trade, 732.700, 111, S04, B19, 1
B19, Trade, 736.120, 100, S02, B19, 1
B19, Trade, 744.980, 104, S13, B19, 1
B19, Trade, 747.120, 101, S02, B19, 1
B19, Trade, 753.060, 95, S06, B19, 1
B19, Trade, 756.480, 93, S06, B19, 1
B19, Trade, 768.740, 110, S12, B19, 1
B19, Trade, 773.280, 98, S05, B19, 1
B19, Trade, 776.280, 100, S07, B19, 1
B19, Trade, 783.380, 100, S12, B19, 1
B19, Trade, 787.640, 95, S11, B19, 1
B19, Trade, 791.640, 102, S06, B19, 1
B19, Trade, 799.340, 92, S03, B19, 1
B19, Trade, 803.060, 96, S11, B19, 1
B19, Trade, 808.260, 107, S09, B19, 1
B19, Trade, 817.320, 100, S12, B19, 1
B19, Trade, 825.840, 100, S12, B19, 1
B19, Trade, 827.920, 109, S06, B19, 1
B19, Trade, 831.600, 110, S09, B19, 1
B19, Trade, 837.840, 108, S14, B19, 1
B19, Trade, 845.220, 100, S09, B19, 1
B19, Trade, 851.900, 96, S11, B19, 1
B19, Trade, 859.400, 95, S06, B19, 1
B19, Trade, 863.180, 97, S02, B19, 1
B20, 100
B20, Trade, 241.020, 97, B20, S07, 1
B20, Trade, 249.820, 92, S06, B20, 1
B20, Trade, 255.800, 93, B20, S07, 1
B20, Trade, 260.160, 103, B20, S11, 1
B20, Trade, 263.900, 92, B20, S00, 1
B20, Trade, 275.300, 99, B20, S11, 1
B20, Trade, 281.480, 97, S06, B20, 1
B20, Trade, 289.060, 98, B20, S08, 1
B20, Trade, 294.240, 98, B20, S05, 1
B20, Trade, 298.700, 100, B20, S09, 1
B20, Trade, 314.500, 96, B20, S03, 1
B20, Trade, 324.440, 92, B20, S00, 1
B20, Trade, 329.740, 102, B20, S11, 1
B20, Trade, 336.540, 92, S02, B20, 1
B20, Trade, 338.420, 91, B20, S08, 1
B20, Trade, 347.340, 102, S02, B20, 1
B20, Trade, 351.020, 97, B20, S09, 1
B20, Trade, 360.980, 94, B20, S08, 1
B20, Trade, 365.740, 96, S06, B20, 1
B20, Trade, 367.000, 100, B20, S00, 1
B20, Trade, 374.160, 100, B20, S08, 1
B20, Trade, 379.260, 98, B20, S05, 1
B20, Trade, 383.700, 98, B20, S06, 1
B20, Trade, 388.440, 97, S05, B20, 1
B20, Trade, 398.700, 93, B20, S09, 1
B20, Trade, 403.400, 99, S05, B20, 1
B20, Trade, 405.300, 96, B20, S08, 1
B20, Trade, 413.920, 96, B20, S09, 1
B20, Trade, 416.860, 97, B20, S10, 1
B20, Trade, 421.700, 93, B20, S08, 1
B20, Trade, 427.040, 94, S06, B20, 1
B20, Trade, 433.600, 96, B20, S03, 1
B20, Trade, 435.560, 96, S07, B20, 1
B20, Trade, 444.780, 105, B20, S12, 1
B20, Trade, 451.560, 95, B20, S06, 1
B20, Trade, 454.580, 94, S07, B20, 1
B20, Trade, 465.100, 93, B20, S08, 1
B20, Trade, 469.340, 98, B20, S00, 1
B20, Trade, 472.660, 104, S13, B20, 1
B20, Trade, 481.100, 100, S07, B20, 1
B20, Trade, 492.040, 93, S06, B20, 1
B20, Trade, 499.780, 92, B20, S05, 1
B20, Trade, 504.740, 101, B20, S08, 1
B20, Trade, 512.320, 95, B20, S08, 1
B20, Trade, 515.660, 93, B20, S05, 1
B20, Trade, 524.800, 97, B20, S08, 1
B20, Trade, 526.840, 99, B20, S09, 1
B20, Trade, 530.760, 96, B20, S08, 1
B20, Trade, 538.060, 103, S02, B20, 1
B20, Trade, 544.060, 101, B20, S12, 1
B20, Trade, 545.900, 92, S06, B20, 1
B20, Trade, 552.520, 93, B20, S02, 1
B20, Trade, 556.840, 96, S02, B20, 1
B20, Trade, 567.480, 94, B20, S08, 1
B20, Trade, 571.840, 93, B20, S08, 1
B20, Trade, 576.480, 99, S06, B20, 1
B20, Trade, 580.980, 96, B20, S00, 1
B20, Trade, 590.600, 94, B20, S08, 1
B20, Trade, 603.100, 99, B20, S03, 1
B20, Trade, 610.300, 92, B20, S03, 1
B20, Trade, 614.320, 100, B20, S08, 1
B20, Trade, 620.220, 99, B20, S08, 1
B20, Trade, 626.260, 101, B20, S07, 1
B20, Trade, 633.760, 101, S07, B20, 1
B20, Trade, 638.800, 94, B20, S06, 1
B20, Trade, 649.400, 98, B20, S00, 1
B20, Trade, 655.480, 94, B20, S08, 1
B20, Trade, 660.620, 99, B20, S11, 1
B20, Trade, 665.980, 95, B20, S08, 1
B20, Trade, 673.720, 100, B20, S06, 1
B20, Trade, 680.840, 100, B20, S09, 1
B20, Trade, 685.040, 99, B20, S00, 1
B20, Trade, 693.660, 94, B20, S02, 1
B20, Trade, 701.540, 89, B20, S03, 1
B20, Trade, 703.760, 91, B20, S00, 1
B20, Trade, 716.120, 91, B20, S05, 1
B20, Trade, 721.900, 95, S05, B20, 1
B20, Trade, 724.080, 92, B20, S08, 1
B20, Trade, 734.040, 98, B20, S08, 1
B20, Trade, 738.840, 96, B20, S09, 1
B20, Trade, 747.260, 101, S09, B20, 1
B20, Trade, 756.020, 92, B20, S05, 1
B20, Trade, 760.420, 99, B20, S08, 1
B20, Trade, 765.400, 95, S05, B20, 1
B20, Trade, 769.520, 103, S02, B20, 1
B20, Trade, 775.480, 97, B20, S11, 1
B20, Trade, 780.940, 99, B20, S09, 1
B20, Trade, 787.560, 94, B20, S06, 1
B20, Trade, 791.360, 96, B20, S02, 1
B20, Trade, 795.660, 99, B20, S10, 1
B20, Trade, 801.420, 91, S09, B20, 1
B20, Trade, 808.120, 91, B20, S08, 1
B20, Trade, 815.360, 98, B20, S06, 1
B20, Trade, 819.440, 93, B20, S08, 1
B20, Trade, 831.000, 91, B20, S08, 1
B20, Trade, 840.320, 101, B20, S00, 1
B20, Trade, 844.740, 99, B20, S05, 1
B20, Trade, 847.020, 102, B20, S02, 1
B20, Trade, 855.280, 100, B20, S11, 1
B20, Trade, 861.980, 95, S07, B20, 1
B21, 7
B21, Trade, 18.360, 101, B21, S09, 1
B21, Trade, 35.840, 95, B21, S00, 1
B21, Trade, 109.560, 93, B21, S00, 1
B21, Trade, 212.080, 91, B21, S08, 1
B21, Trade, 249.080, 90, B21, S05, 1
B21, Trade, 357.180, 89, B21, S08, 1
B21, Trade, 846.660, 88, B21, S00, 1
B22, 20
B22, Trade, 3.860, 108, B22, S08, 1
B22, Trade, 7.720, 102, B22, S05, 1
B22, Trade, 20.440, 99, B22, S06, 1
B22, Trade, 26.760, 97, B22, S03, 1
B22, Trade, 35.220, 96, B22, S08, 1
B22, Trade, 42.880, 95, B22, S06, 1
B22, Trade, 70.760, 94, B22, S00, 1
B22, Trade, 110.360, 93, B22, S08, 1
B22, Trade, 113.840, 93, B22, S00, 1
B22, Trade, 153.820, 92, B22, S08, 1
B22, Trade, 210.140, 92, B22, S08, 1
B22, Trade, 217.100, 91, B22, S03, 1
B22, Trade, 241.240, 91, B22, S08, 1
B22, Trade, 270.380, 90, B22, S09, 1
B22, Trade, 285.940, 90, B22, S03, 1
B22, Trade, 348.220, 90, B22, S08, 1
B22, Trade, 414.480, 89, B22, S08, 1
B22, Trade, 517.240, 89, B22, S08, 1
B22, Trade, 550.520, 89, B22, S00, 1
B22, Trade, 555.680, 89, B22, S08, 1
B23, 100
B23, Trade, 226.540, 95, S09, B23, 1
B23, Trade, 234.460, 102, S09, B23, 1
B23, Trade, 242.820, 95, S00, B23, 1
B23, Trade, 252.900, 96, S11, B23, 1
B23, Trade, 256.020, 93, S09, B23, 1
B23, Trade, 258.960, 98, B23, S08, 1
B23, Trade, 273.560, 99, S09, B23, 1
B23, Trade, 283.660, 100, S09, B23, 1
B23, Trade, 286.860, 97, S06, B23, 1
B23, Trade, 290.640, 102, S11, B23, 1
B23, Trade, 304.300, 96, S02, B23, 1
B23, Trade, 308.440, 102, S12, B23, 1
B23, Trade, 320.560, 104, S13, B23, 1
B23, Trade, 323.320, 106, S06, B23, 1
B23, Trade, 333.680, 93, S06, B23, 1
B23, Trade, 341.540, 107, S09, B23, 1
B23, Trade, 352.080, 97, S07, B23, 1
B23, Trade, 357.560, 104, S13, B23, 1
B23, Trade, 368.000, 101, S05, B23, 1
B23, Trade, 373.500, 104, S12, B23, 1
B23, Trade, 378.200, 100, S12, B23, 1
B23, Trade, 386.500, 99, B23, S11, 1
B23, Trade, 390.820, 95, S05, B23, 1
B23, Trade, 405.360, 99, S07, B23, 1
B23, Trade, 407.580, 104, S13, B23, 1
B23, Trade, 412.600, 99, S11, B23, 1
B23, Trade, 417.200, 103, S09, B23, 1
B23, Trade, 420.420, 93, S09, B23, 1
B23, Trade, 428.380, 95, S11, B23, 1
B23, Trade, 435.980, 97, S11, B23, 1
B23, Trade, 443.100, 110, S04, B23, 1
B23, Trade, 446.580, 104, S05, B23, 1
B23, Trade, 456.180, 104, S13, B23, 1
B23, Trade, 463.420, 98, S02, B23, 1
B23, Trade, 480.720, 99, S06, B23, 1
B23, Trade, 487.940, 100, S12, B23, 1
B23, Trade, 492.200, 98, S11, B23, 1
B23, Trade, 497.220, 104, S13, B23, 1
B23, Trade, 499.040, 95, S11, B23, 1
B23, Trade, 508.420, 98, S02, B23, 1
B23, Trade, 512.580, 97, S02, B23, 1
B23, Trade, 519.020, 104, S13, B23, 1
B23, Trade, 523.140, 108, S14, B23, 1
B23, Trade, 529.680, 100, S02, B23, 1
B23, Trade, 532.320, 102, S12, B23, 1
B23, Trade, 536.100, 108, S14, B23, 1
B23, Trade, 540.980, 99, S07, B23, 1
B23, Trade, 548.120, 104, S13, B23, 1
B23, Trade, 554.720, 100, S12, B23, 1
B23, Trade, 561.160, 97, S07, B23, 1
B23, Trade, 565.100, 96, S09, B23, 1
B23, Trade, 572.600, 101, S07, B23, 1
B23, Trade, 578.960, 99, S09, B23, 1
B23, Trade, 580.420, 100, S07, B23, 1
B23, Trade, 592.240, 97, S02, B23, 1
B23, Trade, 599.480, 104, S13, B23, 1
B23, Trade, 601.680, 104, S05, B23, 1
B23, Trade, 612.160, 97, S09, B23, 1
B23, Trade, 615.320, 98, S05, B23, 1
B23, Trade, 619.920, 102, S09, B23, 1
B23, Trade, 624.720, 103, S12, B23, 1
B23, Trade, 627.820, 104, S13, B23, 1
B23, Trade, 630.100, 108, S14, B23, 1
B23, Trade, 636.340, 97, S11, B23, 1
B23, Trade, 643.120, 92, S10, B23, 1
B23, Trade, 646.520, 104, S13, B23, 1
B23, Trade, 653.560, 98, S11, B23, 1
B23, Trade, 657.580, 96, S02, B23, 1
B23, Trade, 662.820, 96, S09, B23, 1
B23, Trade, 668.720, 93, S02, B23, 1
B23, Trade, 675.020, 98, S07, B23, 1
B23, Trade, 679.920, 103, S06, B23, 1
B23, Trade, 684.700, 99, S07, B23, 1
B23, Trade, 687.180, 100, S12, B23, 1
B23, Trade, 695.520, 95, S09, B23, 1
B23, Trade, 703.520, 97, S06, B23, 1
B23, Trade, 709.880, 92, B23, S09, 1
B23, Trade, 716.760, 104, S13, B23, 1
B23, Trade, 720.880, 95, S07, B23, 1
B23, Trade, 727.340, 96, S11, B23, 1
B23, Trade, 735.300, 100, S05, B23, 1
B23, Trade, 746.600, 101, S12, B23, 1
B23, Trade, 753.020, 90, S05, B23, 1
B23, Trade, 756.900, 104, S13, B23, 1
B23, Trade, 766.000, 97, S02, B23, 1
B23, Trade, 772.540, 99, S06, B23, 1
B23, Trade, 777.920, 98, S05, B23, 1
B23, Trade, 785.140, 94, S06, B23, 1
B23, Trade, 792.440, 102, B23, S05, 1
B23, Trade, 799.600, 92, S02, B23, 1
B23, Trade, 803.720, 97, S06, B23, 1
B23, Trade, 810.240, 99, S02, B23, 1
B23, Trade, 816.720, 97, S11, B23, 1
B23, Trade, 824.300, 95, S11, B23, 1
B23, Trade, 835.060, 95, S05, B23, 1
B23, Trade, 840.140, 111, S01, B23, 1
B23, Trade, 846.700, 99, S07, B23, 1
B23, Trade, 851.760, 95, S02, B23, 1
B23, Trade, 859.120, 94, S07, B23, 1
B23, Trade, 863.620, 108, S14, B23, 1
B24, 100
B24, Trade, 231.800, 97, S07, B24, 1
B24, Trade, 236.740, 102, S02, B24, 1
B24, Trade, 247.960, 93, S07, B24, 1
B24, Trade, 250.140, 95, S11, B24, 1
B24, Trade, 256.560, 100, S12, B24, 1
B24, Trade, 263.840, 95, S07, B24, 1
B24, Trade, 270.800, 93, S06, B24, 1
B24, Trade, 283.580, 97, S11, B24, 1
B24, Trade, 286.880, 98, S09, B24, 1
B24, Trade, 288.460, 108, S14, B24, 1
B24, Trade, 298.860, 101, S12, B24, 1
B24, Trade, 305.800, 96, S11, B24, 1
B24, Trade, 308.720, 103, S09, B24, 1
B24, Trade, 317.460, 93, S05, B24, 1
B24, Trade, 318.820, 94, S07, B24, 1
B24, Trade, 329.220, 104, S12, B24, 1
B24, Trade, 332.600, 96, S05, B24, 1
B24, Trade, 344.680, 102, S12, B24, 1
B24, Trade, 353.620, 98, S06, B24, 1
B24, Trade, 357.420, 103, S12, B24, 1
B24, Trade, 361.840, 100, S05, B24, 1
B24, Trade, 377.900, 100, S05, B24, 1
B24, Trade, 385.400, 98, S02, B24, 1
B24, Trade, 392.560, 98, S09, B24, 1
B24, Trade, 395.520, 100, S07, B24, 1
B24, Trade, 398.140, 96, S09, B24, 1
B24, Trade, 403.540, 99, S11, B24, 1
B24, Trade, 409.660, 101, S12, B24, 1
B24, Trade, 422.540, 94, S05, B24, 1
B24, Trade, 423.320, 94, S07, B24, 1
B24, Trade, 430.160, 98, S06, B24, 1
B24, Trade, 436.960, 100, S12, B24, 1
B24, Trade, 445.520, 105, S06, B24, 1
B24, Trade, 457.240, 106, S06, B24, 1
B24, Trade, 460.680, 100, S06, B24, 1
B24, Trade, 464.440, 96, S07, B24, 1
B24, Trade, 471.760, 94, S06, B24, 1
B24, Trade, 478.640, 98, S07, B24, 1
B24, Trade, 480.800, 100, S12, B24, 1
B24, Trade, 488.740, 104, S13, B24, 1
B24, Trade, 494.860, 96, S07, B24, 1
B24, Trade, 505.580, 97, S06, B24, 1
B24, Trade, 511.780, 96, S11, B24, 1
B24, Trade, 518.000, 100, S12, B24, 1
B24, Trade, 521.820, 102, S06, B24, 1
B24, Trade, 530.200, 99, S11, B24, 1
B24, Trade, 533.700, 103, S05, B24, 1
B24, Trade, 536.060, 104, S13, B24, 1
B24, Trade, 544.800, 95, S07, B24, 1
B24, Trade, 549.200, 108, S14, B24, 1
B24, Trade, 556.380, 98, S11, B24, 1
B24, Trade, 563.060, 100, S12, B24, 1
B24, Trade, 565.780, 96, S11, B24, 1
B24, Trade, 573.520, 99, B24, S09, 1
B24, Trade, 577.040, 100, S05, B24, 1
B24, Trade, 579.560, 99, S11, B24, 1
B24, Trade, 587.500, 98, S09, B24, 1
B24, Trade, 593.380, 111, S01, B24, 1
B24, Trade, 596.280, 100, S05, B24, 1
B24, Trade, 607.040, 100, S07, B24, 1
B24, Trade, 613.540, 104, S13, B24, 1
B24, Trade, 618.580, 100, S06, B24, 1
B24, Trade, 622.380, 99, S06, B24, 1
B24, Trade, 628.140, 100, S11, B24, 1
B24, Trade, 635.640, 98, S06, B24, 1
B24, Trade, 645.120, 95, S06, B24, 1
B24, Trade, 653.860, 100, S12, B24, 1
B24, Trade, 666.900, 96, S05, B24, 1
B24, Trade, 671.300, 102, S12, B24, 1
B24, Trade, 678.760, 108, S14, B24, 1
B24, Trade, 683.480, 99, S06, B24, 1
B24, Trade, 690.360, 97, S02, B24, 1
B24, Trade, 701.360, 95, S11, B24, 1
B24, Trade, 706.640, 94, S07, B24, 1
B24, Trade, 716.440, 92, S07, B24, 1
B24, Trade, 724.380, 93, S09, B24, 1
B24, Trade, 728.980, 104, S05, B24, 1
B24, Trade, 730.560, 102, S02, B24, 1
B24, Trade, 735.940, 99, S07, B24, 1
B24, Trade, 741.460, 94, S05, B24, 1
B24, Trade, 745.460, 105, S06, B24, 1
B24, Trade, 754.540, 93, S07, B24, 1
B24, Trade, 760.520, 103, S12, B24, 1
B24, Trade, 762.680, 95, S07, B24, 1
B24, Trade, 772.640, 100, S11, B24, 1
B24, Trade, 775.000, 99, S09, B24, 1
B24, Trade, 776.980, 98, S11, B24, 1
B24, Trade, 781.820, 99, S02, B24, 1
B24, Trade, 790.460, 100, S12, B24, 1
B24, Trade, 801.520, 109, S10, B24, 1
B24, Trade, 805.560, 104, S13, B24, 1
B24, Trade, 818.100, 104, S13, B24, 1
B24, Trade, 823.700, 94, S06, B24, 1
B24, Trade, 833.580, 93, S06, B24, 1
B24, Trade, 837.680, 100, S12, B24, 1
B24, Trade, 841.820, 104, S13, B24, 1
B24, Trade, 848.460, 98, S11, B24, 1
B24, Trade, 855.960, 101, S09, B24, 1
B24, Trade, 859.280, 95, S11, B24, 1
B24, Trade, 862.000, 101, S05, B24, 1
S00, 71
S00, Trade, 7.380, 100, B13, S00, 1
S00, Trade, 14.380, 95, B18, S00, 1
S00, Trade, 18.400, 100, B12, S00, 1
S00, Trade, 27.660, 95, B14, S00, 1
S00, Trade, 35.840, 95, B21, S00, 1
S00, Trade, 44.620, 96, B12, S00, 1
S00, Trade, 70.760, 94, B22, S00, 1
S00, Trade, 81.920, 95, B11, S00, 1
S00, Trade, 88.580, 98, B15, S00, 1
S00, Trade, 97.560, 100, S00, B16, 1
S00, Trade, 109.560, 93, B21, S00, 1
S00, Trade, 112.100, 93, B20, S00, 1
S00, Trade, 113.840, 93, B22, S00, 1
S00, Trade, 119.500, 93, B12, S00, 1
S00, Trade, 123.280, 95, B11, S00, 1
S00, Trade, 129.520, 94, S00, B16, 1
S00, Trade, 155.800, 96, B12, S00, 1
S00, Trade, 166.500, 101, B20, S00, 1
S00, Trade, 181.000, 97, B20, S00, 1
S00, Trade, 198.040, 100, B18, S00, 1
S00, Trade, 205.140, 101, B18, S00, 1
S00, Trade, 242.820, 95, S00, B23, 1
S00, Trade, 245.380, 103, B15, S00, 1
S00, Trade, 263.900, 92, B20, S00, 1
S00, Trade, 268.360, 92, B18, S00, 1
S00, Trade, 285.100, 95, B11, S00, 1
S00, Trade, 290.600, 98, B12, S00, 1
S00, Trade, 320.840, 94, B18, S00, 1
S00, Trade, 324.440, 92, B20, S00, 1
S00, Trade, 347.500, 100, B12, S00, 1
S00, Trade, 350.680, 97, B18, S00, 1
S00, Trade, 354.940, 89, B14, S00, 1
S00, Trade, 367.000, 100, B20, S00, 1
S00, Trade, 376.660, 100, B18, S00, 1
S00, Trade, 389.100, 95, B11, S00, 1
S00, Trade, 402.360, 98, B18, S00, 1
S00, Trade, 411.520, 98, B12, S00, 1
S00, Trade, 418.900, 95, B11, S00, 1
S00, Trade, 447.000, 99, B17, S00, 1
S00, Trade, 452.640, 94, S00, B11, 1
S00, Trade, 459.380, 95, B11, S00, 1
S00, Trade, 463.720, 94, S00, B12, 1
S00, Trade, 469.340, 98, B20, S00, 1
S00, Trade, 484.380, 95, B11, S00, 1
S00, Trade, 494.300, 96, S00, B17, 1
S00, Trade, 528.640, 105, S00, B15, 1
S00, Trade, 540.800, 99, S00, B17, 1
S00, Trade, 550.520, 89, B22, S00, 1
S00, Trade, 569.760, 95, B11, S00, 1
S00, Trade, 580.980, 96, B20, S00, 1
S00, Trade, 609.280, 93, B18, S00, 1
S00, Trade, 614.700, 97, B12, S00, 1
S00, Trade, 649.400, 98, B20, S00, 1
S00, Trade, 653.780, 96, B12, S00, 1
S00, Trade, 663.240, 95, B11, S00, 1
S00, Trade, 666.300, 94, S00, B19, 1
S00, Trade, 685.040, 99, B20, S00, 1
S00, Trade, 692.220, 93, B12, S00, 1
S00, Trade, 703.760, 91, B20, S00, 1
S00, Trade, 711.340, 90, B10, S00, 1
S00, Trade, 740.040, 95, B11, S00, 1
S00, Trade, 744.480, 98, B18, S00, 1
S00, Trade, 760.480, 96, B18, S00, 1
S00, Trade, 772.460, 95, B11, S00, 1
S00, Trade, 797.260, 90, B15, S00, 1
S00, Trade, 805.880, 95, B18, S00, 1
S00, Trade, 810.580, 98, B12, S00, 1
S00, Trade, 829.540, 92, B12, S00, 1
S00, Trade, 840.320, 101, B20, S00, 1
S00, Trade, 846.660, 88, B21, S00, 1
S00, Trade, 858.200, 90, B10, S00, 1
S01, 9
S01, Trade, 14.560, 99, S01, B15, 1
S01, Trade, 21.680, 103, S01, B24, 1
S01, Trade, 70.200, 106, S01, B23, 1
S01, Trade, 160.680, 107, S01, B19, 1
S01, Trade, 184.440, 108, S01, B19, 1
S01, Trade, 357.960, 109, S01, B16, 1
S01, Trade, 503.140, 110, S01, B19, 1
S01, Trade, 593.380, 111, S01, B24, 1
S01, Trade, 840.140, 111, S01, B23, 1
S02, 100
S02, Trade, 234.120, 98, S02, B16, 1
S02, Trade, 236.740, 102, S02, B24, 1
S02, Trade, 246.960, 98, S02, B16, 1
S02, Trade, 251.320, 94, S02, B11, 1
S02, Trade, 254.600, 95, S02, B19, 1
S02, Trade, 257.800, 96, S02, B16, 1
S02, Trade, 265.600, 95, S02, B16, 1
S02, Trade, 270.680, 92, S02, B15, 1
S02, Trade, 272.040, 92, B18, S02, 1
S02, Trade, 280.500, 96, S02, B15, 1
S02, Trade, 284.720, 96, B18, S02, 1
S02, Trade, 304.300, 96, S02, B23, 1
S02, Trade, 316.900, 94, S02, B19, 1
S02, Trade, 322.580, 97, S02, B18, 1
S02, Trade, 325.820, 100, S02, B19, 1
S02, Trade, 332.140, 98, S02, B16, 1
S02, Trade, 336.540, 92, S02, B20, 1
S02, Trade, 347.340, 102, S02, B20, 1
S02, Trade, 352.800, 95, S02, B16, 1
S02, Trade, 356.500, 95, B11, S02, 1
S02, Trade, 359.800, 105, S02, B15, 1
S02, Trade, 368.660, 101, S02, B16, 1
S02, Trade, 374.100, 104, S02, B15, 1
S02, Trade, 382.400, 97, S02, B19, 1
S02, Trade, 385.400, 98, S02, B24, 1
S02, Trade, 390.620, 95, S02, B11, 1
S02, Trade, 399.980, 95, S02, B16, 1
S02, Trade, 407.040, 99, S02, B19, 1
S02, Trade, 411.100, 99, S02, B16, 1
S02, Trade, 421.100, 94, S02, B17, 1
S02, Trade, 425.580, 94, S02, B16, 1
S02, Trade, 436.340, 97, B18, S02, 1
S02, Trade, 437.780, 98, S02, B19, 1
S02, Trade, 452.300, 96, S02, B18, 1
S02, Trade, 462.880, 102, S02, B16, 1
S02, Trade, 463.420, 98, S02, B23, 1
S02, Trade, 467.480, 92, S02, B16, 1
S02, Trade, 470.520, 95, B11, S02, 1
S02, Trade, 479.560, 98, S02, B18, 1
S02, Trade, 482.040, 101, S02, B19, 1
S02, Trade, 487.620, 92, S02, B19, 1
S02, Trade, 493.200, 96, S02, B17, 1
S02, Trade, 496.220, 96, S02, B19, 1
S02, Trade, 508.420, 98, S02, B23, 1
S02, Trade, 512.580, 97, S02, B23, 1
S02, Trade, 516.880, 98, S02, B16, 1
S02, Trade, 520.120, 100, S02, B17, 1
S02, Trade, 526.940, 100, S02, B17, 1
S02, Trade, 529.680, 100, S02, B23, 1
S02, Trade, 538.060, 103, S02, B20, 1
S02, Trade, 546.080, 93, S02, B19, 1
S02, Trade, 552.520, 93, B20, S02, 1
S02, Trade, 556.840, 96, S02, B20, 1
S02, Trade, 562.960, 97, S02, B12, 1
S02, Trade, 565.320, 96, S02, B16, 1
S02, Trade, 577.300, 100, S02, B19, 1
S02, Trade, 592.240, 97, S02, B23, 1
S02, Trade, 595.120, 102, S02, B15, 1
S02, Trade, 604.820, 99, B18, S02, 1
S02, Trade, 608.780, 100, S02, B17, 1
S02, Trade, 610.520, 98, S02, B16, 1
S02, Trade, 624.280, 100, S02, B12, 1
S02, Trade, 629.580, 105, S02, B16, 1
S02, Trade, 642.680, 91, S02, B16, 1
S02, Trade, 653.700, 97, S02, B15, 1
S02, Trade, 657.580, 96, S02, B23, 1
S02, Trade, 668.720, 93, S02, B23, 1
S02, Trade, 670.400, 96, B18, S02, 1
S02, Trade, 682.640, 100, S02, B16, 1
S02, Trade, 684.960, 99, S02, B18, 1
S02, Trade, 690.360, 97, S02, B24, 1
S02, Trade, 693.660, 94, B20, S02, 1
S02, Trade, 700.420, 91, S02, B17, 1
S02, Trade, 712.260, 92, S02, B16, 1
S02, Trade, 715.480, 93, S02, B15, 1
S02, Trade, 716.540, 95, B11, S02, 1
S02, Trade, 724.480, 95, S02, B19, 1
S02, Trade, 730.560, 102, S02, B24, 1
S02, Trade, 736.120, 100, S02, B19, 1
S02, Trade, 740.320, 97, S02, B16, 1
S02, Trade, 747.120, 101, S02, B19, 1
S02, Trade, 753.040, 89, B12, S02, 1
S02, Trade, 756.640, 93, S02, B17, 1
S02, Trade, 761.920, 99, S02, B17, 1
S02, Trade, 766.000, 97, S02, B23, 1
S02, Trade, 769.520, 103, S02, B20, 1
S02, Trade, 775.660, 99, S02, B17, 1
S02, Trade, 781.340, 99, S02, B16, 1
S02, Trade, 781.820, 99, S02, B24, 1
S02, Trade, 791.360, 96, B20, S02, 1
S02, Trade, 799.600, 92, S02, B23, 1
S02, Trade, 810.240, 99, S02, B23, 1
S02, Trade, 815.160, 98, B12, S02, 1
S02, Trade, 820.960, 95, B11, S02, 1
S02, Trade, 823.440, 92, S02, B11, 1
S02, Trade, 836.720, 95, S02, B11, 1
S02, Trade, 847.020, 102, B20, S02, 1
S02, Trade, 851.760, 95, S02, B23, 1
S02, Trade, 853.960, 99, S02, B12, 1
S02, Trade, 863.180, 97, S02, B19, 1
S03, 54
S03, Trade, 6.580, 103, B14, S03, 1
S03, Trade, 10.300, 97, B20, S03, 1
S03, Trade, 23.580, 99, B12, S03, 1
S03, Trade, 26.760, 97, B22, S03, 1
S03, Trade, 52.020, 97, B12, S03, 1
S03, Trade, 65.900, 100, B12, S03, 1
S03, Trade, 72.780, 94, B18, S03, 1
S03, Trade, 107.540, 93, B14, S03, 1
S03, Trade, 118.640, 92, B13, S03, 1
S03, Trade, 126.000, 94, B20, S03, 1
S03, Trade, 132.600, 96, S03, B16, 1
S03, Trade, 148.400, 96, B12, S03, 1
S03, Trade, 172.840, 96, B12, S03, 1
S03, Trade, 211.740, 92, B18, S03, 1
S03, Trade, 217.100, 91, B22, S03, 1
S03, Trade, 220.220, 95, B11, S03, 1
S03, Trade, 224.680, 95, B11, S03, 1
S03, Trade, 235.080, 95, B11, S03, 1
S03, Trade, 246.500, 95, B11, S03, 1
S03, Trade, 260.260, 102, B18, S03, 1
S03, Trade, 276.280, 99, B12, S03, 1
S03, Trade, 285.940, 90, B22, S03, 1
S03, Trade, 314.500, 96, B20, S03, 1
S03, Trade, 328.880, 100, B12, S03, 1
S03, Trade, 354.840, 89, B13, S03, 1
S03, Trade, 360.420, 94, B12, S03, 1
S03, Trade, 366.880, 100, B18, S03, 1
S03, Trade, 396.680, 95, B11, S03, 1
S03, Trade, 433.600, 96, B20, S03, 1
S03, Trade, 446.480, 100, B12, S03, 1
S03, Trade, 461.560, 96, S03, B15, 1
S03, Trade, 468.320, 96, B12, S03, 1
S03, Trade, 477.820, 97, B18, S03, 1
S03, Trade, 515.940, 92, S03, B11, 1
S03, Trade, 540.420, 108, S03, B19, 1
S03, Trade, 545.260, 92, B18, S03, 1
S03, Trade, 548.760, 90, B10, S03, 1
S03, Trade, 562.600, 93, B18, S03, 1
S03, Trade, 603.100, 99, B20, S03, 1
S03, Trade, 610.300, 92, B20, S03, 1
S03, Trade, 631.820, 98, B12, S03, 1
S03, Trade, 639.140, 90, B10, S03, 1
S03, Trade, 650.800, 97, B18, S03, 1
S03, Trade, 664.720, 94, B12, S03, 1
S03, Trade, 701.540, 89, B20, S03, 1
S03, Trade, 718.000, 95, B11, S03, 1
S03, Trade, 735.520, 96, B18, S03, 1
S03, Trade, 782.380, 90, B10, S03, 1
S03, Trade, 799.340, 92, S03, B19, 1
S03, Trade, 802.560, 96, B12, S03, 1
S03, Trade, 811.740, 95, B11, S03, 1
S03, Trade, 829.120, 95, B11, S03, 1
S03, Trade, 833.880, 94, S03, B12, 1
S03, Trade, 845.600, 95, B11, S03, 1
S04, 9
S04, Trade, 9.960, 99, S04, B24, 1
S04, Trade, 16.800, 103, S04, B17, 1
S04, Trade, 61.880, 106, S04, B24, 1
S04, Trade, 77.080, 107, S04, B18, 1
S04, Trade, 161.900, 108, S04, B17, 1
S04, Trade, 196.240, 109, S04, B19, 1
S04, Trade, 443.100, 110, S04, B23, 1
S04, Trade, 557.180, 111, S04, B17, 1
S04, Trade, 732.700, 111, S04, B19, 1
S05, 100
S05, Trade, 249.080, 90, B21, S05, 1
S05, Trade, 255.220, 93, S05, B16, 1
S05, Trade, 265.520, 95, S05, B17, 1
S05, Trade, 274.980, 102, S05, B15, 1
S05, Trade, 280.760, 96, S05, B12, 1
S05, Trade, 284.580, 97, S05, B17, 1
S05, Trade, 294.240, 98, B20, S05, 1
S05, Trade, 305.520, 94, S05, B17, 1
S05, Trade, 311.620, 103, S05, B19, 1
S05, Trade, 317.460, 93, S05, B24, 1
S05, Trade, 321.540, 97, S05, B19, 1
S05, Trade, 325.800, 100, S05, B16, 1
S05, Trade, 332.600, 96, S05, B24, 1
S05, Trade, 340.140, 96, S05, B18, 1
S05, Trade, 343.180, 101, S05, B15, 1
S05, Trade, 352.440, 95, B11, S05, 1
S05, Trade, 361.840, 100, S05, B24, 1
S05, Trade, 368.000, 101, S05, B23, 1
S05, Trade, 377.900, 100, S05, B24, 1
S05, Trade, 379.260, 98, B20, S05, 1
S05, Trade, 388.440, 97, S05, B20, 1
S05, Trade, 390.820, 95, S05, B23, 1
S05, Trade, 397.580, 95, S05, B19, 1
S05, Trade, 403.400, 99, S05, B20, 1
S05, Trade, 409.040, 101, S05, B15, 1
S05, Trade, 412.100, 98, B18, S05, 1
S05, Trade, 419.060, 97, S05, B19, 1
S05, Trade, 422.540, 94, S05, B24, 1
S05, Trade, 424.940, 95, B18, S05, 1
S05, Trade, 429.580, 96, S05, B17, 1
S05, Trade, 433.820, 103, S05, B16, 1
S05, Trade, 446.580, 104, S05, B23, 1
S05, Trade, 449.660, 98, B12, S05, 1
S05, Trade, 452.180, 95, S05, B17, 1
S05, Trade, 462.600, 100, S05, B19, 1
S05, Trade, 467.620, 91, B18, S05, 1
S05, Trade, 475.140, 105, S05, B19, 1
S05, Trade, 479.080, 98, S05, B16, 1
S05, Trade, 483.400, 99, S05, B16, 1
S05, Trade, 492.140, 96, S05, B19, 1
S05, Trade, 499.780, 92, B20, S05, 1
S05, Trade, 500.280, 90, B10, S05, 1
S05, Trade, 504.940, 100, B12, S05, 1
S05, Trade, 515.660, 93, B20, S05, 1
S05, Trade, 525.940, 99, S05, B18, 1
S05, Trade, 533.700, 103, S05, B24, 1
S05, Trade, 537.400, 104, S05, B16, 1
S05, Trade, 546.760, 92, S05, B11, 1
S05, Trade, 552.800, 94, S05, B11, 1
S05, Trade, 559.700, 100, B12, S05, 1
S05, Trade, 562.000, 97, S05, B19, 1
S05, Trade, 565.980, 97, S05, B16, 1
S05, Trade, 573.600, 99, S05, B19, 1
S05, Trade, 577.040, 100, S05, B24, 1
S05, Trade, 585.920, 99, S05, B19, 1
S05, Trade, 591.140, 95, S05, B15, 1
S05, Trade, 596.280, 100, S05, B24, 1
S05, Trade, 601.680, 104, S05, B23, 1
S05, Trade, 615.320, 98, S05, B23, 1
S05, Trade, 618.840, 103, S05, B16, 1
S05, Trade, 622.580, 101, S05, B19, 1
S05, Trade, 632.620, 102, S05, B19, 1
S05, Trade, 638.000, 95, S05, B15, 1
S05, Trade, 641.220, 90, B10, S05, 1
S05, Trade, 648.960, 106, S05, B16, 1
S05, Trade, 653.260, 97, S05, B16, 1
S05, Trade, 657.120, 96, S05, B16, 1
S05, Trade, 663.400, 99, S05, B16, 1
S05, Trade, 666.900, 96, S05, B24, 1
S05, Trade, 675.700, 97, S05, B16, 1
S05, Trade, 684.200, 99, S05, B19, 1
S05, Trade, 699.460, 91, B18, S05, 1
S05, Trade, 705.800, 93, S05, B11, 1
S05, Trade, 710.120, 93, S05, B19, 1
S05, Trade, 716.120, 91, B20, S05, 1
S05, Trade, 721.900, 95, S05, B20, 1
S05, Trade, 728.980, 104, S05, B24, 1
S05, Trade, 735.300, 100, S05, B23, 1
S05, Trade, 739.200, 96, B18, S05, 1
S05, Trade, 741.460, 94, S05, B24, 1
S05, Trade, 753.020, 90, S05, B23, 1
S05, Trade, 756.020, 92, B20, S05, 1
S05, Trade, 765.400, 95, S05, B20, 1
S05, Trade, 773.280, 98, S05, B19, 1
S05, Trade, 777.920, 98, S05, B23, 1
S05, Trade, 783.040, 99, S05, B16, 1
S05, Trade, 788.640, 90, B10, S05, 1
S05, Trade, 792.440, 102, B23, S05, 1
S05, Trade, 799.120, 90, B10, S05, 1
S05, Trade, 803.200, 95, B11, S05, 1
S05, Trade, 810.180, 98, B18, S05, 1
S05, Trade, 816.000, 96, B18, S05, 1
S05, Trade, 820.280, 93, B15, S05, 1
S05, Trade, 822.900, 92, S05, B18, 1
S05, Trade, 830.060, 96, S05, B16, 1
S05, Trade, 835.060, 95, S05, B23, 1
S05, Trade, 844.740, 99, B20, S05, 1
S05, Trade, 849.540, 95, B11, S05, 1
S05, Trade, 857.200, 97, S05, B15, 1
S05, Trade, 862.000, 101, S05, B24, 1
S06, 100
S06, Trade, 270.800, 93, S06, B24, 1
S06, Trade, 274.960, 100, S06, B16, 1
S06, Trade, 281.480, 97, S06, B20, 1
S06, Trade, 286.480, 98, S06, B19, 1
S06, Trade, 286.860, 97, S06, B23, 1
S06, Trade, 294.820, 99, S06, B18, 1
S06, Trade, 302.500, 98, B12, S06, 1
S06, Trade, 306.740, 98, S06, B18, 1
S06, Trade, 315.680, 96, S06, B17, 1
S06, Trade, 319.460, 98, S06, B16, 1
S06, Trade, 323.320, 106, S06, B23, 1
S06, Trade, 332.520, 95, B11, S06, 1
S06, Trade, 333.680, 93, S06, B23, 1
S06, Trade, 353.620, 98, S06, B24, 1
S06, Trade, 359.300, 107, S06, B17, 1
S06, Trade, 365.740, 96, S06, B20, 1
S06, Trade, 372.140, 107, S06, B17, 1
S06, Trade, 378.120, 99, S06, B16, 1
S06, Trade, 383.700, 98, B20, S06, 1
S06, Trade, 386.960, 99, S06, B19, 1
S06, Trade, 392.320, 98, S06, B18, 1
S06, Trade, 397.640, 96, S06, B12, 1
S06, Trade, 401.220, 107, S06, B17, 1
S06, Trade, 414.420, 95, B11, S06, 1
S06, Trade, 416.300, 109, S06, B15, 1
S06, Trade, 421.020, 94, S06, B16, 1
S06, Trade, 427.040, 94, S06, B20, 1
S06, Trade, 430.160, 98, S06, B24, 1
S06, Trade, 439.400, 97, S06, B17, 1
S06, Trade, 445.520, 105, S06, B24, 1
S06, Trade, 451.560, 95, B20, S06, 1
S06, Trade, 453.840, 94, S06, B12, 1
S06, Trade, 457.240, 106, S06, B24, 1
S06, Trade, 460.680, 100, S06, B24, 1
S06, Trade, 468.060, 98, S06, B15, 1
S06, Trade, 471.760, 94, S06, B24, 1
S06, Trade, 480.720, 99, S06, B23, 1
S06, Trade, 486.240, 91, B12, S06, 1
S06, Trade, 492.040, 93, S06, B20, 1
S06, Trade, 502.460, 99, S06, B17, 1
S06, Trade, 505.580, 97, S06, B24, 1
S06, Trade, 511.240, 96, B18, S06, 1
S06, Trade, 521.820, 102, S06, B24, 1
S06, Trade, 534.880, 101, S06, B19, 1
S06, Trade, 538.740, 102, B18, S06, 1
S06, Trade, 540.160, 99, S06, B16, 1
S06, Trade, 545.900, 92, S06, B20, 1
S06, Trade, 552.380, 94, S06, B17, 1
S06, Trade, 564.560, 95, B11, S06, 1
S06, Trade, 576.480, 99, S06, B20, 1
S06, Trade, 580.880, 97, B12, S06, 1
S06, Trade, 584.080, 104, S06, B19, 1
S06, Trade, 588.880, 97, S06, B17, 1
S06, Trade, 594.340, 108, S06, B16, 1
S06, Trade, 598.620, 100, S06, B17, 1
S06, Trade, 601.520, 103, S06, B16, 1
S06, Trade, 604.620, 99, S06, B12, 1
S06, Trade, 613.120, 98, B18, S06, 1
S06, Trade, 618.580, 100, S06, B24, 1
S06, Trade, 622.380, 99, S06, B24, 1
S06, Trade, 626.980, 100, B12, S06, 1
S06, Trade, 635.640, 98, S06, B24, 1
S06, Trade, 638.800, 94, B20, S06, 1
S06, Trade, 645.120, 95, S06, B24, 1
S06, Trade, 652.480, 99, S06, B19, 1
S06, Trade, 661.160, 98, B18, S06, 1
S06, Trade, 673.720, 100, B20, S06, 1
S06, Trade, 679.920, 103, S06, B23, 1
S06, Trade, 683.480, 99, S06, B24, 1
S06, Trade, 689.020, 97, S06, B15, 1
S06, Trade, 695.420, 94, B18, S06, 1
S06, Trade, 699.980, 92, S06, B11, 1
S06, Trade, 703.520, 97, S06, B23, 1
S06, Trade, 711.960, 90, S06, B17, 1
S06, Trade, 715.340, 93, S06, B12, 1
S06, Trade, 719.420, 96, S06, B17, 1
S06, Trade, 727.300, 95, S06, B12, 1
S06, Trade, 731.880, 98, S06, B15, 1
S06, Trade, 738.280, 96, S06, B17, 1
S06, Trade, 745.460, 105, S06, B24, 1
S06, Trade, 749.460, 103, S06, B16, 1
S06, Trade, 753.060, 95, S06, B19, 1
S06, Trade, 756.480, 93, S06, B19, 1
S06, Trade, 763.220, 96, S06, B15, 1
S06, Trade, 770.060, 103, S06, B18, 1
S06, Trade, 772.540, 99, S06, B23, 1
S06, Trade, 780.220, 98, S06, B12, 1
S06, Trade, 785.140, 94, S06, B23, 1
S06, Trade, 787.560, 94, B20, S06, 1
S06, Trade, 791.640, 102, S06, B19, 1
S06, Trade, 798.060, 92, S06, B11, 1
S06, Trade, 803.720, 97, S06, B23, 1
S06, Trade, 811.200, 98, S06, B16, 1
S06, Trade, 815.360, 98, B20, S06, 1
S06, Trade, 823.700, 94, S06, B24, 1
S06, Trade, 827.920, 109, S06, B19, 1
S06, Trade, 833.580, 93, S06, B24, 1
S06, Trade, 843.740, 100, S06, B18, 1
S06, Trade, 847.920, 97, S06, B16, 1
S06, Trade, 859.400, 95, S06, B19, 1
S07, 100
S07, Trade, 260.620, 102, S07, B19, 1
S07, Trade, 263.840, 95, S07, B24, 1
S07, Trade, 269.900, 95, S07, B16, 1
S07, Trade, 278.720, 100, S07, B16, 1
S07, Trade, 287.220, 98, B15, S07, 1
S07, Trade, 297.860, 102, S07, B15, 1
S07, Trade, 300.760, 101, S07, B19, 1
S07, Trade, 303.700, 96, S07, B19, 1
S07, Trade, 311.060, 99, S07, B15, 1
S07, Trade, 315.860, 95, B11, S07, 1
S07, Trade, 318.820, 94, S07, B24, 1
S07, Trade, 328.660, 100, S07, B15, 1
S07, Trade, 334.360, 93, S07, B11, 1
S07, Trade, 342.640, 101, S07, B16, 1
S07, Trade, 352.080, 97, S07, B23, 1
S07, Trade, 355.660, 95, S07, B19, 1
S07, Trade, 362.860, 99, B18, S07, 1
S07, Trade, 370.420, 100, B12, S07, 1
S07, Trade, 376.440, 103, S07, B19, 1
S07, Trade, 382.540, 97, S07, B18, 1
S07, Trade, 384.500, 98, S07, B18, 1
S07, Trade, 392.360, 95, B12, S07, 1
S07, Trade, 395.520, 100, S07, B24, 1
S07, Trade, 398.760, 95, S07, B16, 1
S07, Trade, 405.360, 99, S07, B23, 1
S07, Trade, 414.780, 96, S07, B17, 1
S07, Trade, 420.620, 94, S07, B11, 1
S07, Trade, 423.320, 94, S07, B24, 1
S07, Trade, 425.900, 95, S07, B19, 1
S07, Trade, 433.080, 97, S07, B19, 1
S07, Trade, 435.560, 96, S07, B20, 1
S07, Trade, 447.500, 104, S07, B16, 1
S07, Trade, 454.580, 94, S07, B20, 1
S07, Trade, 462.340, 95, S07, B18, 1
S07, Trade, 464.440, 96, S07, B24, 1
S07, Trade, 469.700, 96, B12, S07, 1
S07, Trade, 478.640, 98, S07, B24, 1
S07, Trade, 481.100, 100, S07, B20, 1
S07, Trade, 487.480, 92, S07, B18, 1
S07, Trade, 490.420, 100, S07, B16, 1
S07, Trade, 494.860, 96, S07, B24, 1
S07, Trade, 500.780, 91, S07, B11, 1
S07, Trade, 506.480, 97, B18, S07, 1
S07, Trade, 511.500, 96, S07, B12, 1
S07, Trade, 516.580, 91, S07, B12, 1
S07, Trade, 522.780, 100, S07, B16, 1
S07, Trade, 532.080, 99, S07, B12, 1
S07, Trade, 540.980, 99, S07, B23, 1
S07, Trade, 544.800, 95, S07, B24, 1
S07, Trade, 553.240, 95, B18, S07, 1
S07, Trade, 561.160, 97, S07, B23, 1
S07, Trade, 563.460, 100, S07, B15, 1
S07, Trade, 569.400, 96, B12, S07, 1
S07, Trade, 572.600, 101, S07, B23, 1
S07, Trade, 580.420, 100, S07, B23, 1
S07, Trade, 585.940, 98, B18, S07, 1
S07, Trade, 589.460, 96, B12, S07, 1
S07, Trade, 607.040, 100, S07, B24, 1
S07, Trade, 612.140, 96, S07, B12, 1
S07, Trade, 618.680, 100, B18, S07, 1
S07, Trade, 620.780, 102, S07, B17, 1
S07, Trade, 626.260, 101, B20, S07, 1
S07, Trade, 633.760, 101, S07, B20, 1
S07, Trade, 637.620, 96, S07, B16, 1
S07, Trade, 643.000, 91, S07, B11, 1
S07, Trade, 645.600, 95, S07, B18, 1
S07, Trade, 657.680, 98, S07, B19, 1
S07, Trade, 664.900, 98, S07, B17, 1
S07, Trade, 666.720, 93, S07, B16, 1
S07, Trade, 675.020, 98, S07, B23, 1
S07, Trade, 684.700, 99, S07, B23, 1
S07, Trade, 690.640, 97, S07, B15, 1
S07, Trade, 693.600, 95, S07, B19, 1
S07, Trade, 696.240, 95, S07, B16, 1
S07, Trade, 706.640, 94, S07, B24, 1
S07, Trade, 708.660, 95, S07, B16, 1
S07, Trade, 716.440, 92, S07, B24, 1
S07, Trade, 720.880, 95, S07, B23, 1
S07, Trade, 722.740, 93, B18, S07, 1
S07, Trade, 735.940, 99, S07, B24, 1
S07, Trade, 742.720, 96, S07, B12, 1
S07, Trade, 748.320, 101, B18, S07, 1
S07, Trade, 754.540, 93, S07, B24, 1
S07, Trade, 759.520, 99, S07, B16, 1
S07, Trade, 762.680, 95, S07, B24, 1
S07, Trade, 766.960, 96, S07, B16, 1
S07, Trade, 776.280, 100, S07, B19, 1
S07, Trade, 785.580, 95, S07, B11, 1
S07, Trade, 791.160, 96, B18, S07, 1
S07, Trade, 798.140, 93, S07, B16, 1
S07, Trade, 804.800, 96, S07, B15, 1
S07, Trade, 813.540, 99, S07, B16, 1
S07, Trade, 820.560, 93, B12, S07, 1
S07, Trade, 823.200, 92, B12, S07, 1
S07, Trade, 826.440, 100, B15, S07, 1
S07, Trade, 834.640, 94, B18, S07, 1
S07, Trade, 846.700, 99, S07, B23, 1
S07, Trade, 849.360, 96, S07, B15, 1
S07, Trade, 859.120, 94, S07, B23, 1
S07, Trade, 861.980, 95, S07, B20, 1
S08, 100
S08, Trade, 338.420, 91, B20, S08, 1
S08, Trade, 346.540, 101, B18, S08, 1
S08, Trade, 348.220, 90, B22, S08, 1
S08, Trade, 357.180, 89, B21, S08, 1
S08, Trade, 360.980, 94, B20, S08, 1
S08, Trade, 368.100, 95, B11, S08, 1
S08, Trade, 374.160, 100, B20, S08, 1
S08, Trade, 381.520, 96, B12, S08, 1
S08, Trade, 384.580, 95, B11, S08, 1
S08, Trade, 390.180, 90, B10, S08, 1
S08, Trade, 393.000, 93, B15, S08, 1
S08, Trade, 401.120, 93, B12, S08, 1
S08, Trade, 405.300, 96, B20, S08, 1
S08, Trade, 414.480, 89, B22, S08, 1
S08, Trade, 418.380, 97, B18, S08, 1
S08, Trade, 421.700, 93, B20, S08, 1
S08, Trade, 424.620, 95, B12, S08, 1
S08, Trade, 431.440, 97, B12, S08, 1
S08, Trade, 438.140, 95, B11, S08, 1
S08, Trade, 443.860, 105, B18, S08, 1
S08, Trade, 449.700, 95, B11, S08, 1
S08, Trade, 458.440, 100, B12, S08, 1
S08, Trade, 459.860, 94, B15, S08, 1
S08, Trade, 465.100, 93, B20, S08, 1
S08, Trade, 470.660, 89, B14, S08, 1
S08, Trade, 473.540, 103, B17, S08, 1
S08, Trade, 483.960, 96, B12, S08, 1
S08, Trade, 488.380, 98, B15, S08, 1
S08, Trade, 494.760, 95, B18, S08, 1
S08, Trade, 496.300, 91, B12, S08, 1
S08, Trade, 504.740, 101, B20, S08, 1
S08, Trade, 507.600, 95, B11, S08, 1
S08, Trade, 512.320, 95, B20, S08, 1
S08, Trade, 517.240, 89, B22, S08, 1
S08, Trade, 523.400, 100, B12, S08, 1
S08, Trade, 524.800, 97, B20, S08, 1
S08, Trade, 530.760, 96, B20, S08, 1
S08, Trade, 539.400, 95, B11, S08, 1
S08, Trade, 541.880, 99, B18, S08, 1
S08, Trade, 544.200, 95, B11, S08, 1
S08, Trade, 549.520, 103, B15, S08, 1
S08, Trade, 555.680, 89, B22, S08, 1
S08, Trade, 562.120, 95, B11, S08, 1
S08, Trade, 567.480, 94, B20, S08, 1
S08, Trade, 571.840, 93, B20, S08, 1
S08, Trade, 577.740, 98, B18, S08, 1
S08, Trade, 579.420, 98, B12, S08, 1
S08, Trade, 587.700, 96, B18, S08, 1
S08, Trade, 590.600, 94, B20, S08, 1
S08, Trade, 598.080, 95, B11, S08, 1
S08, Trade, 601.760, 98, B12, S08, 1
S08, Trade, 608.820, 95, B11, S08, 1
S08, Trade, 614.320, 100, B20, S08, 1
S08, Trade, 620.220, 99, B20, S08, 1
S08, Trade, 623.080, 99, B18, S08, 1
S08, Trade, 630.040, 98, B18, S08, 1
S08, Trade, 636.520, 95, B11, S08, 1
S08, Trade, 640.740, 91, B12, S08, 1
S08, Trade, 649.240, 99, B12, S08, 1
S08, Trade, 655.480, 94, B20, S08, 1
S08, Trade, 656.300, 95, B11, S08, 1
S08, Trade, 665.980, 95, B20, S08, 1
S08, Trade, 675.680, 90, B10, S08, 1
S08, Trade, 679.640, 100, B18, S08, 1
S08, Trade, 681.120, 99, B12, S08, 1
S08, Trade, 687.500, 91, B18, S08, 1
S08, Trade, 691.100, 95, B11, S08, 1
S08, Trade, 697.760, 90, B10, S08, 1
S08, Trade, 702.020, 95, B11, S08, 1
S08, Trade, 707.420, 91, B18, S08, 1
S08, Trade, 714.940, 93, B18, S08, 1
S08, Trade, 716.940, 90, B10, S08, 1
S08, Trade, 724.080, 92, B20, S08, 1
S08, Trade, 726.280, 95, B12, S08, 1
S08, Trade, 734.040, 98, B20, S08, 1
S08, Trade, 737.540, 97, B12, S08, 1
S08, Trade, 741.220, 92, B12, S08, 1
S08, Trade, 751.000, 95, B11, S08, 1
S08, Trade, 751.480, 90, B10, S08, 1
S08, Trade, 760.420, 99, B20, S08, 1
S08, Trade, 760.460, 98, B12, S08, 1
S08, Trade, 768.420, 92, B12, S08, 1
S08, Trade, 773.060, 92, B12, S08, 1
S08, Trade, 776.900, 95, B11, S08, 1
S08, Trade, 784.400, 91, B18, S08, 1
S08, Trade, 789.880, 90, B12, S08, 1
S08, Trade, 796.020, 97, B12, S08, 1
S08, Trade, 800.180, 90, B12, S08, 1
S08, Trade, 803.680, 90, B10, S08, 1
S08, Trade, 808.120, 91, B20, S08, 1
S08, Trade, 811.960, 88, B13, S08, 1
S08, Trade, 819.440, 93, B20, S08, 1
S08, Trade, 824.720, 90, B10, S08, 1
S08, Trade, 831.000, 91, B20, S08, 1
S08, Trade, 835.140, 90, B10, S08, 1
S08, Trade, 841.160, 100, B12, S08, 1
S08, Trade, 846.640, 90, B10, S08, 1
S08, Trade, 850.200, 90, B10, S08, 1
S08, Trade, 853.480, 99, B18, S08, 1
S08, Trade, 857.580, 95, B11, S08, 1
S09, 100
S09, Trade, 286.880, 98, S09, B24, 1
S09, Trade, 292.360, 100, B18, S09, 1
S09, Trade, 298.700, 100, B20, S09, 1
S09, Trade, 302.420, 99, S09, B18, 1
S09, Trade, 305.580, 95, S09, B16, 1
S09, Trade, 308.720, 103, S09, B24, 1
S09, Trade, 318.620, 93, S09, B15, 1
S09, Trade, 328.600, 99, S09, B19, 1
S09, Trade, 337.560, 99, B12, S09, 1
S09, Trade, 341.540, 107, S09, B23, 1
S09, Trade, 348.520, 101, S09, B17, 1
S09, Trade, 351.020, 97, B20, S09, 1
S09, Trade, 353.200, 93, B12, S09, 1
S09, Trade, 363.620, 96, B12, S09, 1
S09, Trade, 365.760, 97, S09, B19, 1
S09, Trade, 371.460, 103, S09, B19, 1
S09, Trade, 377.800, 99, S09, B17, 1
S09, Trade, 379.980, 98, S09, B16, 1
S09, Trade, 388.740, 99, S09, B17, 1
S09, Trade, 392.560, 98, S09, B24, 1
S09, Trade, 398.140, 96, S09, B24, 1
S09, Trade, 398.700, 93, B20, S09, 1
S09, Trade, 410.060, 101, S09, B19, 1
S09, Trade, 413.920, 96, B20, S09, 1
S09, Trade, 417.200, 103, S09, B23, 1
S09, Trade, 420.420, 93, S09, B23, 1
S09, Trade, 428.160, 94, S09, B17, 1
S09, Trade, 429.120, 95, B11, S09, 1
S09, Trade, 434.900, 96, S09, B15, 1
S09, Trade, 442.800, 108, S09, B19, 1
S09, Trade, 444.400, 105, S09, B19, 1
S09, Trade, 451.980, 95, S09, B19, 1
S09, Trade, 467.760, 90, B10, S09, 1
S09, Trade, 470.540, 96, S09, B19, 1
S09, Trade, 479.240, 98, B12, S09, 1
S09, Trade, 485.640, 92, S09, B15, 1
S09, Trade, 491.220, 95, B11, S09, 1
S09, Trade, 499.460, 93, S09, B18, 1
S09, Trade, 506.660, 98, S09, B16, 1
S09, Trade, 511.840, 99, S09, B16, 1
S09, Trade, 516.040, 90, B10, S09, 1
S09, Trade, 526.840, 99, B20, S09, 1
S09, Trade, 527.660, 103, S09, B16, 1
S09, Trade, 535.240, 103, S09, B16, 1
S09, Trade, 545.340, 94, S09, B16, 1
S09, Trade, 547.340, 92, S09, B12, 1
S09, Trade, 553.540, 98, S09, B16, 1
S09, Trade, 559.780, 101, S09, B18, 1
S09, Trade, 565.100, 96, S09, B23, 1
S09, Trade, 569.320, 97, S09, B19, 1
S09, Trade, 573.520, 99, B24, S09, 1
S09, Trade, 578.960, 99, S09, B23, 1
S09, Trade, 587.500, 98, S09, B24, 1
S09, Trade, 589.920, 95, B11, S09, 1
S09, Trade, 595.720, 100, S09, B16, 1
S09, Trade, 605.260, 100, S09, B17, 1
S09, Trade, 612.160, 97, S09, B23, 1
S09, Trade, 619.920, 102, S09, B23, 1
S09, Trade, 627.120, 101, S09, B17, 1
S09, Trade, 628.760, 107, S09, B16, 1
S09, Trade, 636.500, 99, S09, B19, 1
S09, Trade, 639.120, 94, S09, B18, 1
S09, Trade, 646.460, 97, S09, B19, 1
S09, Trade, 655.780, 96, S09, B17, 1
S09, Trade, 662.820, 96, S09, B23, 1
S09, Trade, 674.100, 99, S09, B19, 1
S09, Trade, 680.840, 100, B20, S09, 1
S09, Trade, 685.860, 99, S09, B19, 1
S09, Trade, 687.000, 99, S09, B17, 1
S09, Trade, 695.520, 95, S09, B23, 1
S09, Trade, 701.080, 91, B12, S09, 1
S09, Trade, 703.240, 95, S09, B19, 1
S09, Trade, 709.880, 92, B23, S09, 1
S09, Trade, 722.600, 94, S09, B11, 1
S09, Trade, 724.380, 93, S09, B24, 1
S09, Trade, 729.220, 105, S09, B16, 1
S09, Trade, 732.340, 99, S09, B18, 1
S09, Trade, 738.840, 96, B20, S09, 1
S09, Trade, 747.260, 101, S09, B20, 1
S09, Trade, 753.180, 95, S09, B17, 1
S09, Trade, 763.180, 95, S09, B11, 1
S09, Trade, 765.120, 94, B18, S09, 1
S09, Trade, 766.440, 95, B12, S09, 1
S09, Trade, 775.000, 99, S09, B24, 1
S09, Trade, 780.940, 99, B20, S09, 1
S09, Trade, 785.380, 95, S09, B15, 1
S09, Trade, 789.540, 90, S09, B11, 1
S09, Trade, 798.840, 91, S09, B18, 1
S09, Trade, 801.420, 91, S09, B20, 1
S09, Trade, 808.260, 107, S09, B19, 1
S09, Trade, 816.560, 95, B11, S09, 1
S09, Trade, 820.380, 95, S09, B17, 1
S09, Trade, 823.520, 94, S09, B16, 1
S09, Trade, 831.600, 110, S09, B19, 1
S09, Trade, 833.040, 106, S09, B16, 1
S09, Trade, 839.760, 102, S09, B18, 1
S09, Trade, 845.220, 100, S09, B19, 1
S09, Trade, 852.520, 98, S09, B16, 1
S09, Trade, 855.960, 101, S09, B24, 1
S09, Trade, 861.940, 95, S09, B18, 1
S10, 10
S10, Trade, 4.660, 108, S10, B16, 1
S10, Trade, 106.460, 97, B18, S10, 1
S10, Trade, 163.180, 104, S10, B19, 1
S10, Trade, 186.080, 95, B11, S10, 1
S10, Trade, 196.720, 100, B12, S10, 1
S10, Trade, 214.180, 95, B11, S10, 1
S10, Trade, 416.860, 97, B20, S10, 1
S10, Trade, 643.120, 92, S10, B23, 1
S10, Trade, 795.660, 99, B20, S10, 1
S10, Trade, 801.520, 109, S10, B24, 1
S11, 100
S11, Trade, 275.300, 99, B20, S11, 1
S11, Trade, 281.700, 97, B18, S11, 1
S11, Trade, 283.580, 97, S11, B24, 1
S11, Trade, 290.640, 102, S11, B23, 1
S11, Trade, 299.780, 101, S11, B16, 1
S11, Trade, 305.800, 96, S11, B24, 1
S11, Trade, 310.780, 98, S11, B18, 1
S11, Trade, 316.120, 97, S11, B16, 1
S11, Trade, 320.540, 96, B12, S11, 1
S11, Trade, 329.740, 102, B20, S11, 1
S11, Trade, 334.640, 95, S11, B16, 1
S11, Trade, 340.220, 97, S11, B17, 1
S11, Trade, 348.280, 100, S11, B19, 1
S11, Trade, 356.560, 96, S11, B16, 1
S11, Trade, 362.160, 99, S11, B19, 1
S11, Trade, 367.180, 99, B17, S11, 1
S11, Trade, 371.340, 102, B18, S11, 1
S11, Trade, 377.840, 99, S11, B12, 1
S11, Trade, 381.500, 97, S11, B15, 1
S11, Trade, 386.500, 99, B23, S11, 1
S11, Trade, 389.760, 98, S11, B16, 1
S11, Trade, 394.900, 101, S11, B17, 1
S11, Trade, 403.540, 99, S11, B24, 1
S11, Trade, 406.420, 99, S11, B17, 1
S11, Trade, 412.600, 99, S11, B23, 1
S11, Trade, 423.840, 95, S11, B15, 1
S11, Trade, 428.380, 95, S11, B23, 1
S11, Trade, 432.460, 96, S11, B18, 1
S11, Trade, 435.980, 97, S11, B23, 1
S11, Trade, 440.480, 98, S11, B16, 1
S11, Trade, 453.000, 96, S11, B16, 1
S11, Trade, 454.980, 95, S11, B16, 1
S11, Trade, 462.360, 95, S11, B11, 1
S11, Trade, 465.840, 96, S11, B17, 1
S11, Trade, 472.240, 96, S11, B16, 1
S11, Trade, 477.040, 102, S11, B16, 1
S11, Trade, 480.440, 98, S11, B18, 1
S11, Trade, 488.600, 98, B17, S11, 1
S11, Trade, 492.200, 98, S11, B23, 1
S11, Trade, 499.040, 95, S11, B23, 1
S11, Trade, 504.200, 102, S11, B19, 1
S11, Trade, 509.360, 98, S11, B15, 1
S11, Trade, 511.780, 96, S11, B24, 1
S11, Trade, 517.920, 96, S11, B19, 1
S11, Trade, 530.200, 99, S11, B24, 1
S11, Trade, 538.380, 103, S11, B17, 1
S11, Trade, 543.840, 100, B12, S11, 1
S11, Trade, 547.920, 95, S11, B19, 1
S11, Trade, 553.780, 95, S11, B19, 1
S11, Trade, 556.380, 98, S11, B24, 1
S11, Trade, 565.780, 96, S11, B24, 1
S11, Trade, 573.760, 100, S11, B16, 1
S11, Trade, 579.560, 99, S11, B24, 1
S11, Trade, 581.700, 97, S11, B16, 1
S11, Trade, 590.240, 96, S11, B16, 1
S11, Trade, 595.980, 100, S11, B19, 1
S11, Trade, 596.680, 100, S11, B12, 1
S11, Trade, 601.120, 101, S11, B19, 1
S11, Trade, 606.060, 100, S11, B16, 1
S11, Trade, 612.180, 97, S11, B19, 1
S11, Trade, 615.780, 97, S11, B15, 1
S11, Trade, 622.100, 98, S11, B16, 1
S11, Trade, 628.140, 100, S11, B24, 1
S11, Trade, 636.340, 97, S11, B23, 1
S11, Trade, 644.500, 95, S11, B19, 1
S11, Trade, 650.240, 101, S11, B15, 1
S11, Trade, 653.560, 98, S11, B23, 1
S11, Trade, 659.520, 99, B12, S11, 1
S11, Trade, 660.620, 99, B20, S11, 1
S11, Trade, 669.520, 95, S11, B12, 1
S11, Trade, 672.640, 100, B18, S11, 1
S11, Trade, 678.460, 102, S11, B17, 1
S11, Trade, 686.260, 99, S11, B16, 1
S11, Trade, 696.380, 95, S11, B19, 1
S11, Trade, 701.360, 95, S11, B24, 1
S11, Trade, 702.420, 95, S11, B16, 1
S11, Trade, 708.800, 95, S11, B12, 1
S11, Trade, 713.400, 95, S11, B15, 1
S11, Trade, 717.280, 99, S11, B16, 1
S11, Trade, 725.420, 95, S11, B18, 1
S11, Trade, 727.340, 96, S11, B23, 1
S11, Trade, 741.600, 97, S11, B17, 1
S11, Trade, 756.860, 95, S11, B15, 1
S11, Trade, 763.760, 99, S11, B16, 1
S11, Trade, 772.640, 100, S11, B24, 1
S11, Trade, 775.480, 97, B20, S11, 1
S11, Trade, 776.980, 98, S11, B24, 1
S11, Trade, 787.640, 95, S11, B19, 1
S11, Trade, 790.200, 95, S11, B16, 1
S11, Trade, 793.700, 100, S11, B18, 1
S11, Trade, 803.060, 96, S11, B19, 1
S11, Trade, 816.720, 97, S11, B23, 1
S11, Trade, 824.300, 95, S11, B23, 1
S11, Trade, 830.400, 99, S11, B15, 1
S11, Trade, 837.640, 97, S11, B17, 1
S11, Trade, 839.280, 100, S11, B15, 1
S11, Trade, 848.460, 98, S11, B24, 1
S11, Trade, 851.900, 96, S11, B19, 1
S11, Trade, 855.280, 100, B20, S11, 1
S11, Trade, 859.280, 95, S11, B24, 1
S12, 100
S12, Trade, 34.920, 100, S12, B12, 1
S12, Trade, 48.320, 100, S12, B24, 1
S12, Trade, 52.160, 103, S12, B15, 1
S12, Trade, 56.660, 101, S12, B19, 1
S12, Trade, 65.880, 102, B20, S12, 1
S12, Trade, 76.060, 100, S12, B23, 1
S12, Trade, 79.000, 100, S12, B23, 1
S12, Trade, 87.720, 100, S12, B23, 1
S12, Trade, 97.420, 100, S12, B23, 1
S12, Trade, 105.040, 100, S12, B19, 1
S12, Trade, 122.680, 100, S12, B17, 1
S12, Trade, 128.940, 100, S12, B23, 1
S12, Trade, 136.080, 100, S12, B24, 1
S12, Trade, 140.140, 100, S12, B19, 1
S12, Trade, 148.920, 100, S12, B24, 1
S12, Trade, 156.200, 100, S12, B16, 1
S12, Trade, 160.520, 105, S12, B16, 1
S12, Trade, 167.740, 100, B12, S12, 1
S12, Trade, 177.060, 100, S12, B19, 1
S12, Trade, 194.600, 100, S12, B19, 1
S12, Trade, 201.640, 100, S12, B16, 1
S12, Trade, 202.840, 107, S12, B19, 1
S12, Trade, 208.420, 100, S12, B16, 1
S12, Trade, 218.840, 100, S12, B16, 1
S12, Trade, 224.220, 100, S12, B24, 1
S12, Trade, 228.760, 100, S12, B15, 1
S12, Trade, 251.620, 100, S12, B16, 1
S12, Trade, 256.560, 100, S12, B24, 1
S12, Trade, 274.100, 100, S12, B19, 1
S12, Trade, 278.520, 100, S12, B19, 1
S12, Trade, 287.680, 100, S12, B16, 1
S12, Trade, 289.280, 108, S12, B19, 1
S12, Trade, 298.860, 101, S12, B24, 1
S12, Trade, 308.440, 102, S12, B23, 1
S12, Trade, 329.220, 104, S12, B24, 1
S12, Trade, 331.660, 100, B12, S12, 1
S12, Trade, 337.700, 100, S12, B19, 1
S12, Trade, 339.600, 100, S12, B16, 1
S12, Trade, 344.680, 102, S12, B24, 1
S12, Trade, 357.420, 103, S12, B24, 1
S12, Trade, 367.300, 107, S12, B15, 1
S12, Trade, 373.500, 104, S12, B23, 1
S12, Trade, 378.200, 100, S12, B23, 1
S12, Trade, 386.440, 100, B12, S12, 1
S12, Trade, 407.280, 100, S12, B16, 1
S12, Trade, 409.660, 101, S12, B24, 1
S12, Trade, 415.180, 100, S12, B16, 1
S12, Trade, 433.140, 100, S12, B16, 1
S12, Trade, 436.960, 100, S12, B24, 1
S12, Trade, 444.780, 105, B20, S12, 1
S12, Trade, 455.620, 103, S12, B19, 1
S12, Trade, 474.200, 105, S12, B15, 1
S12, Trade, 480.800, 100, S12, B24, 1
S12, Trade, 487.940, 100, S12, B23, 1
S12, Trade, 497.200, 100, S12, B16, 1
S12, Trade, 512.640, 100, S12, B19, 1
S12, Trade, 518.000, 100, S12, B24, 1
S12, Trade, 523.100, 101, S12, B18, 1
S12, Trade, 532.320, 102, S12, B23, 1
S12, Trade, 539.280, 100, B12, S12, 1
S12, Trade, 544.060, 101, B20, S12, 1
S12, Trade, 554.720, 100, S12, B23, 1
S12, Trade, 563.060, 100, S12, B24, 1
S12, Trade, 570.560, 100, S12, B12, 1
S12, Trade, 580.340, 100, S12, B16, 1
S12, Trade, 595.360, 100, B18, S12, 1
S12, Trade, 599.460, 100, S12, B15, 1
S12, Trade, 608.660, 100, S12, B19, 1
S12, Trade, 617.820, 100, S12, B19, 1
S12, Trade, 624.720, 103, S12, B23, 1
S12, Trade, 628.600, 106, S12, B19, 1
S12, Trade, 633.440, 101, S12, B18, 1
S12, Trade, 647.900, 105, S12, B17, 1
S12, Trade, 653.860, 100, S12, B24, 1
S12, Trade, 660.480, 101, S12, B19, 1
S12, Trade, 671.300, 102, S12, B24, 1
S12, Trade, 673.240, 100, B12, S12, 1
S12, Trade, 687.180, 100, S12, B23, 1
S12, Trade, 707.100, 100, S12, B15, 1
S12, Trade, 713.480, 100, S12, B19, 1
S12, Trade, 725.620, 100, S12, B16, 1
S12, Trade, 727.560, 107, S12, B15, 1
S12, Trade, 742.860, 100, S12, B15, 1
S12, Trade, 746.600, 101, S12, B23, 1
S12, Trade, 750.460, 100, B12, S12, 1
S12, Trade, 758.940, 102, S12, B16, 1
S12, Trade, 760.520, 103, S12, B24, 1
S12, Trade, 768.740, 110, S12, B19, 1
S12, Trade, 775.680, 100, S12, B16, 1
S12, Trade, 783.380, 100, S12, B19, 1
S12, Trade, 790.460, 100, S12, B24, 1
S12, Trade, 793.000, 102, S12, B15, 1
S12, Trade, 805.140, 100, S12, B17, 1
S12, Trade, 817.320, 100, S12, B19, 1
S12, Trade, 825.840, 100, S12, B19, 1
S12, Trade, 837.680, 100, S12, B24, 1
S12, Trade, 838.500, 102, S12, B16, 1
S12, Trade, 844.220, 100, S12, B12, 1
S12, Trade, 853.260, 100, S12, B12, 1
S12, Trade, 859.840, 103, S12, B16, 1
S13, 54
S13, Trade, 3.600, 109, B18, S13, 1
S13, Trade, 16.820, 104, S13, B19, 1
S13, Trade, 29.220, 104, S13, B24, 1
S13, Trade, 33.460, 104, S13, B23, 1
S13, Trade, 59.300, 104, S13, B24, 1
S13, Trade, 76.120, 104, S13, B19, 1
S13, Trade, 143.240, 104, S13, B16, 1
S13, Trade, 218.920, 104, S13, B23, 1
S13, Trade, 236.000, 104, S13, B17, 1
S13, Trade, 243.680, 104, S13, B19, 1
S13, Trade, 286.200, 104, S13, B16, 1
S13, Trade, 294.940, 104, S13, B16, 1
S13, Trade, 311.940, 104, S13, B16, 1
S13, Trade, 320.560, 104, S13, B23, 1
S13, Trade, 340.540, 104, S13, B19, 1
S13, Trade, 357.560, 104, S13, B23, 1
S13, Trade, 369.760, 104, S13, B16, 1
S13, Trade, 392.640, 104, S13, B19, 1
S13, Trade, 400.420, 104, S13, B19, 1
S13, Trade, 407.580, 104, S13, B23, 1
S13, Trade, 440.800, 104, S13, B17, 1
S13, Trade, 456.180, 104, S13, B23, 1
S13, Trade, 472.660, 104, S13, B20, 1
S13, Trade, 488.740, 104, S13, B24, 1
S13, Trade, 497.220, 104, S13, B23, 1
S13, Trade, 502.960, 104, S13, B15, 1
S13, Trade, 519.020, 104, S13, B23, 1
S13, Trade, 528.300, 104, S13, B19, 1
S13, Trade, 536.060, 104, S13, B24, 1
S13, Trade, 541.440, 104, S13, B15, 1
S13, Trade, 548.120, 104, S13, B23, 1
S13, Trade, 554.980, 104, S13, B16, 1
S13, Trade, 557.140, 104, S13, B19, 1
S13, Trade, 563.080, 104, S13, B17, 1
S13, Trade, 582.740, 104, S13, B17, 1
S13, Trade, 592.540, 104, S13, B19, 1
S13, Trade, 599.480, 104, S13, B23, 1
S13, Trade, 613.540, 104, S13, B24, 1
S13, Trade, 627.820, 104, S13, B23, 1
S13, Trade, 646.520, 104, S13, B23, 1
S13, Trade, 676.940, 104, S13, B19, 1
S13, Trade, 716.760, 104, S13, B23, 1
S13, Trade, 727.380, 104, S13, B19, 1
S13, Trade, 732.400, 104, S13, B16, 1
S13, Trade, 744.980, 104, S13, B19, 1
S13, Trade, 756.900, 104, S13, B23, 1
S13, Trade, 768.160, 104, S13, B17, 1
S13, Trade, 793.480, 104, S13, B17, 1
S13, Trade, 801.460, 104, S13, B16, 1
S13, Trade, 805.560, 104, S13, B24, 1
S13, Trade, 818.100, 104, S13, B24, 1
S13, Trade, 827.260, 104, S13, B17, 1
S13, Trade, 832.520, 104, S13, B15, 1
S13, Trade, 841.820, 104, S13, B24, 1
S14, 26
S14, Trade, 163.340, 108, S14, B23, 1
S14, Trade, 196.160, 108, S14, B24, 1
S14, Trade, 202.980, 108, S14, B23, 1
S14, Trade, 288.460, 108, S14, B24, 1
S14, Trade, 295.000, 108, S14, B19, 1
S14, Trade, 344.820, 108, S14, B19, 1
S14, Trade, 393.220, 108, S14, B16, 1
S14, Trade, 401.500, 108, S14, B15, 1
S14, Trade, 415.700, 108, S14, B19, 1
S14, Trade, 475.580, 108, S14, B17, 1
S14, Trade, 503.100, 108, S14, B16, 1
S14, Trade, 520.160, 108, S14, B19, 1
S14, Trade, 523.140, 108, S14, B23, 1
S14, Trade, 536.100, 108, S14, B23, 1
S14, Trade, 549.200, 108, S14, B24, 1
S14, Trade, 571.120, 108, S14, B15, 1
S14, Trade, 630.100, 108, S14, B23, 1
S14, Trade, 677.040, 108, S14, B16, 1
S14, Trade, 678.760, 108, S14, B24, 1
S14, Trade, 716.840, 108, S14, B19, 1
S14, Trade, 793.880, 108, S14, B16, 1
S14, Trade, 808.500, 109, S14, B17, 1
S14, Trade, 818.280, 108, S14, B16, 1
S14, Trade, 837.840, 108, S14, B19, 1
S14, Trade, 847.160, 108, S14, B17, 1
S14, Trade, 863.620, 108, S14, B23, 1
S15, 0
S16, 0
S17, 0
S18, 0
S19, 0
S20, 0
S21, 0
S22, 0
S23, 0
S24, 0
